Timestamp,X,Y,Z,Label,Time_Sec
2025-03-30 13:24:30.193289000,0.81,0.57,-9.84,Idle,0.0
2025-03-30 13:24:30.321032000,0.83,0.56,-9.86,Idle,0.127743
2025-03-30 13:24:30.448775000,0.83,0.64,-9.85,Idle,0.255486
2025-03-30 13:24:30.576518000,0.89,0.59,-9.81,Idle,0.383229
2025-03-30 13:24:30.704261000,0.84,0.58,-9.83,Idle,0.510972
2025-03-30 13:24:30.832003999,0.83,0.6,-9.85,Idle,0.638714999
2025-03-30 13:24:30.959747000,0.89,0.56,-9.82,Idle,0.766458
2025-03-30 13:24:31.087490000,0.83,0.58,-9.84,Idle,0.894201
2025-03-30 13:24:31.215233000,0.85,0.57,-9.82,Idle,1.021944
2025-03-30 13:24:31.342976000,0.9,0.59,-9.81,Idle,1.149687
2025-03-30 13:24:31.470718999,0.49,0.74,-12.76,Transition,1.277429999
2025-03-30 13:24:31.598462000,0.88,1.22,-11.55,Transition,1.405173
2025-03-30 13:24:31.726205000,-0.18,1.01,-11.51,Transition,1.532916
2025-03-30 13:24:31.853948000,2.25,0.48,-11.14,Transition,1.660659
2025-03-30 13:24:31.981691000,0.34,1.39,-11.16,Transition,1.788402
2025-03-30 13:24:32.109434000,1.2,0.63,-9.96,Transition,1.916145
2025-03-30 13:24:32.237177000,0.47,0.78,-7.37,Transition,2.043888
2025-03-30 13:24:32.364920000,-0.13,1.41,-6.22,Transition,2.171631
2025-03-30 13:24:32.492663000,0.57,0.9,-8.53,Transition,2.299374
2025-03-30 13:24:32.620406000,1.62,0.68,-9.18,Transition,2.427117
2025-03-30 13:24:32.748148999,-0.62,1.52,-10.82,Transition,2.554859999
2025-03-30 13:24:32.875892000,0.55,1.1,-10.28,Transition,2.682603
2025-03-30 13:24:33.003635000,0.38,0.98,-10.08,Transition,2.810346
2025-03-30 13:24:33.131377999,0.69,1.04,-9.66,Transition,2.938088999
2025-03-30 13:24:33.259121000,-0.32,1.3,-10.16,Transition,3.065832
2025-03-30 13:24:33.386864000,0.87,0.79,-9.76,Transition,3.193575
2025-03-30 13:24:33.514607000,0.56,1.13,-9.66,Transition,3.321318
2025-03-30 13:24:33.642350000,0.9,1.18,-9.49,Transition,3.449061
2025-03-30 13:24:33.770093000,0.87,0.37,-10.5,Transition,3.576804
2025-03-30 13:24:33.897836000,1.03,0.5,-9.88,Transition,3.704547
2025-03-30 13:24:34.025579000,0.92,-0.38,-10.89,Transition,3.83229
2025-03-30 13:24:34.153321999,0.88,0.0,-11.06,Transition,3.960032999
2025-03-30 13:24:34.281065000,-0.59,-0.13,-11.29,Transition,4.087776
2025-03-30 13:24:34.408807999,0.44,-0.87,-12.12,Exercise,4.215518999
2025-03-30 13:24:34.536551000,-0.06,-1.77,-10.97,Exercise,4.343262
2025-03-30 13:24:34.664294000,0.17,-0.86,-9.81,Exercise,4.471005
2025-03-30 13:24:34.792037000,-0.35,-1.52,-7.58,Exercise,4.598748
2025-03-30 13:24:34.919780000,-0.94,-2.6,-5.68,Exercise,4.726491
2025-03-30 13:24:35.047523000,-1.3,-2.14,-5.15,Exercise,4.854234
2025-03-30 13:24:35.175266000,-0.04,-2.04,-6.38,Exercise,4.981977
2025-03-30 13:24:35.303008999,1.37,-0.64,-9.01,Exercise,5.109719999
2025-03-30 13:24:35.430752000,0.93,0.23,-10.93,Exercise,5.237463
2025-03-30 13:24:35.558495000,1.43,-0.26,-11.1,Exercise,5.365206
2025-03-30 13:24:35.686237999,1.39,1.89,-11.2,Exercise,5.492948999
2025-03-30 13:24:35.813981000,1.35,0.74,-11.39,Exercise,5.620692
2025-03-30 13:24:35.941724000,2.11,1.36,-11.39,Exercise,5.748435
2025-03-30 13:24:36.069466999,2.44,1.2,-10.03,Exercise,5.876177999
2025-03-30 13:24:36.197210000,2.26,1.13,-9.71,Exercise,6.003921
2025-03-30 13:24:36.324953000,2.0,0.62,-10.1,Exercise,6.131664
2025-03-30 13:24:36.452695999,2.0,0.44,-11.28,Exercise,6.259406999
2025-03-30 13:24:36.580439000,1.9,0.32,-12.04,Exercise,6.38715
2025-03-30 13:24:36.708182000,1.17,-0.38,-12.42,Exercise,6.514893
2025-03-30 13:24:36.835925000,0.52,-1.56,-12.38,Exercise,6.642636
2025-03-30 13:24:36.963668000,0.06,-1.82,-10.1,Exercise,6.770379
2025-03-30 13:24:37.091411000,-0.04,-1.98,-7.78,Exercise,6.898122
2025-03-30 13:24:37.219154000,-1.14,-2.17,-4.64,Exercise,7.025865
2025-03-30 13:24:37.346897000,-2.51,-2.45,-3.28,Exercise,7.153608
2025-03-30 13:24:37.474640000,-1.56,-3.12,-4.53,Exercise,7.281351
2025-03-30 13:24:37.602383000,-0.54,-1.0,-7.84,Exercise,7.409094
2025-03-30 13:24:37.730125999,1.27,-0.25,-10.3,Exercise,7.536836999
2025-03-30 13:24:37.857869000,2.16,0.82,-11.91,Exercise,7.66458
2025-03-30 13:24:37.985612000,1.89,1.35,-12.02,Exercise,7.792323
2025-03-30 13:24:38.113354999,2.23,1.04,-11.75,Exercise,7.920065999
2025-03-30 13:24:38.241097999,2.27,1.55,-10.57,Exercise,8.047808999
2025-03-30 13:24:38.368841000,2.78,1.19,-10.04,Exercise,8.175552
2025-03-30 13:24:38.496584000,2.37,0.93,-10.03,Exercise,8.303295
2025-03-30 13:24:38.624326999,2.55,1.0,-9.48,Exercise,8.431037999
2025-03-30 13:24:38.752070000,2.29,0.48,-11.0,Exercise,8.558781
2025-03-30 13:24:38.879813000,1.78,0.51,-11.64,Exercise,8.686524
2025-03-30 13:24:39.007556000,1.65,0.24,-12.49,Exercise,8.814267
2025-03-30 13:24:39.135299000,0.78,-0.55,-12.73,Exercise,8.94201
2025-03-30 13:24:39.263042000,-0.07,-1.29,-9.96,Exercise,9.069753
2025-03-30 13:24:39.390785000,-0.13,-1.65,-7.65,Exercise,9.197496
2025-03-30 13:24:39.518528000,-1.22,-2.44,-4.98,Exercise,9.325239
2025-03-30 13:24:39.646271000,-2.2,-3.31,-3.56,Exercise,9.452982
2025-03-30 13:24:39.774014000,-0.88,-3.2,-5.12,Exercise,9.580725
2025-03-30 13:24:39.901757000,0.4,-1.24,-8.24,Exercise,9.708468
2025-03-30 13:24:40.029500000,1.27,-0.31,-10.73,Exercise,9.836211
2025-03-30 13:24:40.157243000,1.76,0.57,-11.74,Exercise,9.963954
2025-03-30 13:24:40.284986000,1.82,0.56,-11.56,Exercise,10.091697
2025-03-30 13:24:40.412728999,2.18,0.77,-10.67,Exercise,10.219439999
2025-03-30 13:24:40.540472000,2.1,1.25,-11.36,Exercise,10.347183
2025-03-30 13:24:40.668215000,2.64,1.22,-9.86,Exercise,10.474926
2025-03-30 13:24:40.795957999,2.41,1.22,-9.82,Exercise,10.602668999
2025-03-30 13:24:40.923701000,2.5,1.04,-9.52,Exercise,10.730412
2025-03-30 13:24:41.051444000,2.31,1.08,-10.49,Exercise,10.858155
2025-03-30 13:24:41.179186999,2.24,0.24,-11.41,Exercise,10.985897999
2025-03-30 13:24:41.306930000,1.62,0.42,-11.57,Exercise,11.113641
2025-03-30 13:24:41.434673000,1.31,-0.5,-13.07,Exercise,11.241384
2025-03-30 13:24:41.562415999,0.26,-1.61,-10.71,Exercise,11.369126999
2025-03-30 13:24:41.690159000,0.13,-1.88,-8.65,Exercise,11.49687
2025-03-30 13:24:41.817902000,-0.52,-2.42,-5.32,Exercise,11.624613
2025-03-30 13:24:41.945644999,-2.55,-2.83,-3.36,Exercise,11.752355999
2025-03-30 13:24:42.073388000,-1.43,-3.31,-4.13,Exercise,11.880099
2025-03-30 13:24:42.201131000,0.12,-1.58,-7.17,Exercise,12.007842
2025-03-30 13:24:42.328873999,1.3,-0.14,-10.11,Exercise,12.135584999
2025-03-30 13:24:42.456617000,1.89,0.31,-11.61,Exercise,12.263328
2025-03-30 13:24:42.584360000,2.1,0.06,-11.91,Exercise,12.391071
2025-03-30 13:24:42.712102999,2.1,1.33,-11.66,Exercise,12.518813999
2025-03-30 13:24:42.839846000,2.46,1.13,-10.66,Exercise,12.646557
2025-03-30 13:24:42.967589000,2.56,1.36,-9.92,Exercise,12.7743
2025-03-30 13:24:43.095331999,2.2,1.0,-10.11,Exercise,12.902042999
2025-03-30 13:24:43.223075000,2.1,0.69,-10.23,Exercise,13.029786
2025-03-30 13:24:43.350818000,1.8,-0.05,-12.3,Exercise,13.157529
2025-03-30 13:24:43.478561000,1.77,0.34,-12.66,Exercise,13.285272
2025-03-30 13:24:43.606304000,0.74,-1.62,-12.78,Exercise,13.413015
2025-03-30 13:24:43.734047000,0.39,-1.6,-9.97,Exercise,13.540758
2025-03-30 13:24:43.861790000,-0.1,-1.1,-6.86,Exercise,13.668501
2025-03-30 13:24:43.989533000,-1.51,-3.62,-2.83,Exercise,13.796244
2025-03-30 13:24:44.117276000,-2.02,-2.44,-3.61,Exercise,13.923987
2025-03-30 13:24:44.245019000,-0.4,-2.23,-6.5,Exercise,14.05173
2025-03-30 13:24:44.372762000,1.45,-0.25,-9.47,Exercise,14.179473
2025-03-30 13:24:44.500505000,1.87,0.48,-12.13,Exercise,14.307216
2025-03-30 13:24:44.628248000,1.84,1.44,-12.57,Exercise,14.434959
2025-03-30 13:24:44.755991000,2.73,0.84,-11.51,Exercise,14.562702
2025-03-30 13:24:44.883733999,2.57,1.39,-10.14,Exercise,14.690444999
2025-03-30 13:24:45.011477000,1.91,1.5,-10.45,Exercise,14.818188
2025-03-30 13:24:45.139220000,2.58,1.23,-10.29,Exercise,14.945931
2025-03-30 13:24:45.266962999,2.33,0.81,-10.48,Exercise,15.073673999
2025-03-30 13:24:45.394706000,2.2,0.13,-11.05,Exercise,15.201417
2025-03-30 13:24:45.522449000,2.32,0.25,-12.29,Exercise,15.32916
2025-03-30 13:24:45.650191999,1.02,-0.07,-13.56,Exercise,15.456902999
2025-03-30 13:24:45.777935000,0.41,-1.47,-11.31,Exercise,15.584646
2025-03-30 13:24:45.905678000,-0.26,-1.85,-8.59,Exercise,15.712389
2025-03-30 13:24:46.033420999,-0.55,-2.36,-4.44,Exercise,15.840131999
2025-03-30 13:24:46.161164000,-1.45,-3.23,-2.23,Exercise,15.967875
2025-03-30 13:24:46.288906999,-1.11,-3.03,-4.78,Exercise,16.095617999
2025-03-30 13:24:46.416650000,0.36,-0.74,-8.25,Exercise,16.223361
2025-03-30 13:24:46.544393000,2.11,0.02,-11.01,Exercise,16.351104
2025-03-30 13:24:46.672135999,1.72,1.51,-11.94,Exercise,16.478846999
2025-03-30 13:24:46.799879000,1.79,0.3,-11.85,Exercise,16.60659
2025-03-30 13:24:46.927622000,2.96,1.2,-10.49,Exercise,16.734333
2025-03-30 13:24:47.055364999,2.19,1.53,-10.33,Exercise,16.862075999
2025-03-30 13:24:47.183108000,2.43,0.98,-10.0,Exercise,16.989819
2025-03-30 13:24:47.310851000,2.23,1.17,-9.97,Exercise,17.117562
2025-03-30 13:24:47.438594000,2.56,0.37,-10.53,Exercise,17.245305
2025-03-30 13:24:47.566337000,1.85,0.14,-11.47,Exercise,17.373048
2025-03-30 13:24:47.694080000,1.83,0.08,-12.47,Exercise,17.500791
2025-03-30 13:24:47.821823000,1.25,-1.63,-12.64,Exercise,17.628534
2025-03-30 13:24:47.949566000,0.33,-1.4,-10.52,Exercise,17.756277
2025-03-30 13:24:48.077309000,0.57,-0.94,-7.65,Exercise,17.88402
2025-03-30 13:24:48.205052000,-0.99,-2.3,-3.61,Exercise,18.011763
2025-03-30 13:24:48.332795000,-0.94,-3.24,-2.5,Exercise,18.139506
2025-03-30 13:24:48.460538000,-0.24,-1.98,-6.04,Exercise,18.267249
2025-03-30 13:24:48.588281000,1.45,-0.08,-9.73,Exercise,18.394992
2025-03-30 13:24:48.716024000,1.41,0.23,-12.32,Exercise,18.522735
2025-03-30 13:24:48.843767000,1.9,0.07,-11.74,Exercise,18.650478
2025-03-30 13:24:48.971510000,2.1,1.41,-12.01,Exercise,18.778221
2025-03-30 13:24:49.099253000,2.35,0.86,-10.49,Exercise,18.905964
2025-03-30 13:24:49.226996000,2.17,1.54,-10.43,Exercise,19.033707
2025-03-30 13:24:49.354739000,2.71,0.97,-9.82,Exercise,19.16145
2025-03-30 13:24:49.482482000,2.19,0.95,-9.96,Exercise,19.289193
2025-03-30 13:24:49.610225000,2.28,0.19,-11.21,Exercise,19.416936
2025-03-30 13:24:49.737968000,2.02,-0.53,-11.82,Exercise,19.544679
2025-03-30 13:24:49.865711000,1.18,-0.47,-12.94,Exercise,19.672422
2025-03-30 13:24:49.993454000,0.94,-2.24,-11.47,Exercise,19.800165
2025-03-30 13:24:50.121197000,0.05,-1.55,-8.88,Exercise,19.927908
2025-03-30 13:24:50.248940000,-0.86,-2.06,-5.11,Exercise,20.055651
2025-03-30 13:24:50.376683000,-1.71,-3.69,-2.08,Exercise,20.183394
2025-03-30 13:24:50.504426000,-1.11,-2.63,-4.5,Exercise,20.311137
2025-03-30 13:24:50.632168999,0.83,-1.23,-7.99,Exercise,20.438879999
2025-03-30 13:24:50.759912000,1.44,-0.64,-11.26,Exercise,20.566623
2025-03-30 13:24:50.887655000,2.13,-0.49,-11.72,Exercise,20.694366
2025-03-30 13:24:51.015397999,1.83,1.03,-12.47,Exercise,20.822108999
2025-03-30 13:24:51.143141000,2.79,0.42,-10.8,Exercise,20.949852
2025-03-30 13:24:51.270884000,2.3,1.09,-10.2,Exercise,21.077595
2025-03-30 13:24:51.398626999,2.09,1.02,-10.21,Exercise,21.205337999
2025-03-30 13:24:51.526370000,2.24,1.2,-9.55,Exercise,21.333081
2025-03-30 13:24:51.654113000,2.09,0.6,-10.45,Exercise,21.460824
2025-03-30 13:24:51.781855999,1.65,0.46,-11.67,Exercise,21.588566999
2025-03-30 13:24:51.909599000,2.05,-0.41,-11.81,Exercise,21.71631
2025-03-30 13:24:52.037342000,1.39,-0.53,-13.43,Exercise,21.844053
2025-03-30 13:24:52.165084999,0.85,-1.82,-11.4,Exercise,21.971795999
2025-03-30 13:24:52.292828000,-0.67,-2.08,-8.74,Exercise,22.099539
2025-03-30 13:24:52.420571000,-1.03,-3.2,-5.27,Exercise,22.227282
2025-03-30 13:24:52.548313999,-1.1,-2.05,-2.33,Exercise,22.355024999
2025-03-30 13:24:52.676057000,-1.48,-2.18,-4.77,Exercise,22.482768
2025-03-30 13:24:52.803800000,1.45,-0.94,-7.52,Exercise,22.610511
2025-03-30 13:24:52.931542999,1.41,-0.91,-11.26,Exercise,22.738253999
2025-03-30 13:24:53.059286000,1.74,-0.53,-12.54,Exercise,22.865997
2025-03-30 13:24:53.187029000,2.43,0.39,-11.86,Exercise,22.99374
2025-03-30 13:24:53.314771999,1.95,0.92,-11.65,Exercise,23.121482999
2025-03-30 13:24:53.442515000,2.6,1.04,-10.75,Exercise,23.249226
2025-03-30 13:24:53.570258000,2.15,0.84,-9.77,Exercise,23.376969
2025-03-30 13:24:53.698000999,2.15,0.91,-9.82,Exercise,23.504711999
2025-03-30 13:24:53.825744000,2.36,0.35,-10.21,Exercise,23.632455
2025-03-30 13:24:53.953487000,2.2,-0.27,-11.24,Exercise,23.760198
2025-03-30 13:24:54.081229999,1.39,-0.17,-12.23,Exercise,23.887940999
2025-03-30 13:24:54.208973000,1.34,-1.41,-12.96,Exercise,24.015684
2025-03-30 13:24:54.336716000,0.57,-1.49,-10.97,Exercise,24.143427
2025-03-30 13:24:54.464458999,0.11,-1.86,-8.57,Exercise,24.271169999
2025-03-30 13:24:54.592202000,0.54,-2.41,-4.68,Exercise,24.398913
2025-03-30 13:24:54.719945000,-1.64,-2.78,-2.66,Exercise,24.526656
2025-03-30 13:24:54.847687999,-0.07,-2.69,-4.61,Exercise,24.654398999
2025-03-30 13:24:54.975431000,0.97,-0.23,-8.03,Exercise,24.782142
2025-03-30 13:24:55.103174000,1.54,-0.88,-11.26,Exercise,24.909885
2025-03-30 13:24:55.230916999,1.88,-0.02,-12.54,Exercise,25.037627999
2025-03-30 13:24:55.358660000,2.76,0.44,-12.38,Exercise,25.165371
2025-03-30 13:24:55.486403000,2.39,0.84,-10.78,Exercise,25.293114
2025-03-30 13:24:55.614145999,2.16,1.02,-10.83,Exercise,25.420856999
2025-03-30 13:24:55.741889000,2.24,0.62,-9.75,Exercise,25.5486
2025-03-30 13:24:55.869632000,1.71,1.04,-9.78,Exercise,25.676343
2025-03-30 13:24:55.997374999,2.03,0.6,-9.74,Exercise,25.804085999
2025-03-30 13:24:56.125118000,1.71,0.81,-9.71,Exercise,25.931829
2025-03-30 13:24:56.252861000,1.84,0.53,-9.49,Exercise,26.059572
2025-03-30 13:24:56.380604000,1.72,0.36,-9.36,Exercise,26.187315
2025-03-30 13:24:56.508347000,1.87,0.54,-9.71,Exercise,26.315058
2025-03-30 13:24:56.636090000,1.91,0.23,-8.81,Exercise,26.442801
2025-03-30 13:24:56.763833000,1.24,-0.24,-6.31,Exercise,26.570544
2025-03-30 13:24:56.891576000,2.31,-0.1,-8.44,Exercise,26.698287
2025-03-30 13:24:57.019319000,1.3,-0.24,-8.76,Exercise,26.82603
2025-03-30 13:24:57.147062000,1.09,-0.53,-11.09,Transition,26.953773
2025-03-30 13:24:57.274805000,2.03,-0.71,-10.98,Transition,27.081516
2025-03-30 13:24:57.402548000,1.13,-0.52,-11.13,Transition,27.209259
2025-03-30 13:24:57.530291000,2.17,-0.57,-10.62,Transition,27.337002
2025-03-30 13:24:57.658034000,0.79,-0.5,-10.44,Transition,27.464745
2025-03-30 13:24:57.785777000,1.41,-0.33,-10.25,Transition,27.592488
2025-03-30 13:24:57.913520000,1.23,-0.25,-9.88,Transition,27.720231
2025-03-30 13:24:58.041263000,1.36,-1.15,-8.49,Transition,27.847974
2025-03-30 13:24:58.169006000,0.07,-0.39,-10.08,Transition,27.975717
2025-03-30 13:24:58.296749000,0.96,-0.03,-9.76,Transition,28.10346
2025-03-30 13:24:58.424492000,1.78,2.58,-10.14,Transition,28.231203
2025-03-30 13:24:58.552235000,2.0,-0.2,-9.07,Transition,28.358946
2025-03-30 13:24:58.679978000,0.02,1.19,-10.02,Transition,28.486689
2025-03-30 13:24:58.807721000,0.54,0.89,-9.91,Transition,28.614432
2025-03-30 13:24:58.935464000,0.65,0.79,-9.92,Transition,28.742175
2025-03-30 13:24:59.063207000,0.75,0.6,-9.87,Transition,28.869918
2025-03-30 13:24:59.190949999,0.83,0.56,-9.82,Transition,28.997660999
2025-03-30 13:24:59.318693000,0.81,0.6,-9.84,Transition,29.125404
2025-03-30 13:24:59.446436000,0.79,0.6,-9.83,Transition,29.253147
2025-03-30 13:24:59.574178999,0.81,0.59,-9.82,Transition,29.380889999
2025-03-30 13:24:59.701922000,0.8,0.6,-9.83,Idle,29.508633
2025-03-30 13:24:59.829665000,0.81,0.59,-9.82,Idle,29.636376
2025-03-30 13:24:59.957407999,0.81,0.6,-9.84,Idle,29.764118999
2025-03-30 13:25:00.085151000,0.81,0.6,-9.82,Idle,29.891862
2025-03-30 13:25:00.212894000,0.81,0.59,-9.83,Idle,30.019605
2025-03-30 13:25:00.340636999,0.81,0.6,-9.84,Idle,30.147347999
2025-03-30 13:25:00.468380000,0.81,0.6,-9.84,Idle,30.275091
2025-03-30 13:25:00.596123000,0.8,0.6,-9.83,Idle,30.402834
2025-03-30 13:25:00.723865999,0.81,0.59,-9.84,Idle,30.530576999
2025-03-30 13:25:00.851609000,0.81,0.59,-9.83,Idle,30.65832
2025-03-30 13:25:00.979352000,0.81,0.59,-9.82,Idle,30.786063
2025-03-30 13:25:01.107094999,0.82,0.59,-9.84,Idle,30.913805999
2025-03-30 13:25:01.234838000,0.81,0.58,-9.84,Idle,31.041549
2025-03-30 13:25:01.362581000,0.81,0.6,-9.83,Idle,31.169292
2025-03-30 13:25:01.490323999,0.81,0.6,-9.84,Idle,31.297034999
2025-03-30 13:25:01.618067000,0.81,0.6,-9.84,Idle,31.424778
2025-03-30 13:25:01.745810000,0.81,0.59,-9.84,Idle,31.552521
2025-03-30 13:25:01.873552999,0.81,0.59,-9.82,Idle,31.680263999
2025-03-30 13:25:02.001296000,0.81,0.59,-9.84,Idle,31.808007
2025-03-30 13:25:02.129039000,0.81,0.6,-9.82,Idle,31.93575
2025-03-30 13:25:02.256782000,0.82,0.6,-9.83,Idle,32.063493
2025-03-30 13:25:02.384524999,0.82,0.59,-9.83,Idle,32.191235999
2025-03-30 13:25:02.512268000,0.81,0.6,-9.83,Idle,32.318979
2025-03-30 13:25:02.640011000,0.81,0.6,-9.83,Idle,32.446722
2025-03-30 13:25:02.767753999,0.81,0.61,-9.84,Idle,32.574464999
2025-03-30 13:25:02.895497000,0.83,0.6,-9.83,Idle,32.702208
2025-03-30 13:25:03.023240000,0.82,0.59,-9.83,Idle,32.829951
2025-03-30 13:25:03.150982999,0.81,0.6,-9.83,Idle,32.957693999
2025-03-30 13:25:03.278726000,0.82,0.6,-9.83,Idle,33.085437
2025-03-30 13:25:03.406469000,0.82,0.6,-9.85,Idle,33.21318
2025-03-30 13:25:03.534211999,0.82,0.6,-9.83,Idle,33.340922999
2025-03-30 13:25:03.661955000,0.82,0.59,-9.83,Idle,33.468666
2025-03-30 13:25:03.789698000,0.81,0.59,-9.84,Idle,33.596409
2025-03-30 13:25:03.917440999,0.82,0.6,-9.84,Idle,33.724151999
2025-03-30 13:25:04.045184000,0.82,0.59,-9.84,Idle,33.851895
2025-03-30 13:25:04.172927000,0.82,0.59,-9.84,Idle,33.979638
2025-03-30 13:25:04.300669999,0.82,0.59,-9.83,Idle,34.107380999
2025-03-30 13:25:04.428413000,0.81,0.59,-9.83,Idle,34.235124
2025-03-30 13:25:04.556156000,0.83,0.59,-9.84,Idle,34.362867
2025-03-30 13:25:04.683899000,0.83,0.61,-9.83,Idle,34.49061
2025-03-30 13:25:04.811642000,0.82,0.59,-9.83,Idle,34.618353
2025-03-30 13:25:04.939385000,0.82,0.59,-9.83,Idle,34.746096
2025-03-30 13:25:05.067128000,0.82,0.59,-9.83,Idle,34.873839
2025-03-30 13:25:05.194871000,0.83,0.6,-9.85,Idle,35.001582
2025-03-30 13:25:05.322614000,0.82,0.59,-9.82,Idle,35.129325
2025-03-30 13:25:05.450357000,0.82,0.59,-9.82,Idle,35.257068
2025-03-30 13:25:05.578100000,0.82,0.6,-9.83,Idle,35.384811
2025-03-30 13:25:05.705843000,0.81,0.6,-9.82,Idle,35.512554
2025-03-30 13:25:05.833586000,0.82,0.6,-9.81,Idle,35.640297
2025-03-30 13:25:05.961329000,0.82,0.6,-9.83,Idle,35.76804
2025-03-30 13:25:06.089072000,0.83,0.59,-9.83,Idle,35.895783
2025-03-30 13:25:06.216815000,0.82,0.6,-9.83,Idle,36.023526
2025-03-30 13:25:06.344558000,0.82,0.6,-9.84,Idle,36.151269
2025-03-30 13:25:06.472301000,0.82,0.6,-9.82,Idle,36.279012
2025-03-30 13:25:06.600044000,0.83,0.6,-9.83,Idle,36.406755
2025-03-30 13:25:06.727787000,0.82,0.59,-9.83,Idle,36.534498
2025-03-30 13:25:06.855530000,0.83,0.59,-9.83,Idle,36.662241
2025-03-30 13:25:06.983273000,0.83,0.6,-9.83,Idle,36.789984
2025-03-30 13:25:07.111016000,0.83,0.59,-9.83,Idle,36.917727
2025-03-30 13:25:07.238759000,0.83,0.59,-9.83,Idle,37.04547
2025-03-30 13:25:07.366502000,0.82,0.59,-9.82,Idle,37.173213
2025-03-30 13:25:07.494245000,0.83,0.59,-9.82,Idle,37.300956
2025-03-30 13:25:07.621988000,0.81,0.59,-9.84,Idle,37.428699
2025-03-30 13:25:07.749731000,0.84,0.6,-9.83,Idle,37.556442
2025-03-30 13:25:07.877474000,0.83,0.59,-9.83,Idle,37.684185
2025-03-30 13:25:08.005217000,0.83,0.59,-9.84,Idle,37.811928
2025-03-30 13:25:08.132960000,0.83,0.6,-9.83,Idle,37.939671
2025-03-30 13:25:08.260703000,0.83,0.59,-9.83,Idle,38.067414
2025-03-30 13:25:08.388446000,0.83,0.6,-9.82,Idle,38.195157
2025-03-30 13:25:08.516189000,0.84,0.6,-9.83,Idle,38.3229
2025-03-30 13:25:08.643932000,0.82,0.58,-9.82,Idle,38.450643
2025-03-30 13:25:08.771675000,0.83,0.59,-9.84,Idle,38.578386
2025-03-30 13:25:08.899418000,0.84,0.6,-9.83,Idle,38.706129
2025-03-30 13:25:09.027161000,0.83,0.6,-9.83,Idle,38.833872
2025-03-30 13:25:09.154904000,0.83,0.6,-9.85,Idle,38.961615
2025-03-30 13:25:09.282647000,0.82,0.6,-9.83,Idle,39.089358
2025-03-30 13:25:09.410390000,0.83,0.59,-9.82,Idle,39.217101
2025-03-30 13:25:09.538133000,0.83,0.6,-9.83,Idle,39.344844
2025-03-30 13:25:09.665876000,0.82,0.59,-9.84,Idle,39.472587
2025-03-30 13:25:09.793619000,0.82,0.59,-9.83,Idle,39.60033
2025-03-30 13:25:09.921362000,0.84,0.6,-9.83,Idle,39.728073
2025-03-30 13:25:10.049105000,0.83,0.6,-9.83,Idle,39.855816
2025-03-30 13:25:10.176848000,0.83,0.59,-9.83,Idle,39.983559
2025-03-30 13:25:10.304591000,0.83,0.6,-9.83,Idle,40.111302
2025-03-30 13:25:10.432334000,0.83,0.59,-9.83,Idle,40.239045
2025-03-30 13:25:10.560077000,0.83,0.6,-9.84,Idle,40.366788
2025-03-30 13:25:10.687820000,0.84,0.59,-9.84,Idle,40.494531
2025-03-30 13:25:10.815563000,0.82,0.6,-9.83,Idle,40.622274
2025-03-30 13:25:10.943306000,0.83,0.59,-9.83,Idle,40.750017
2025-03-30 13:25:11.071048999,0.84,0.59,-9.83,Idle,40.877759999
2025-03-30 13:25:11.198792000,0.84,0.59,-9.83,Idle,41.005503
2025-03-30 13:25:11.326535000,0.83,0.6,-9.83,Idle,41.133246
2025-03-30 13:25:11.454277999,0.84,0.59,-9.83,Idle,41.260988999
2025-03-30 13:25:11.582021000,0.83,0.58,-9.82,Idle,41.388732
2025-03-30 13:25:11.709764000,0.83,0.6,-9.82,Idle,41.516475
2025-03-30 13:25:11.837506999,0.83,0.59,-9.83,Idle,41.644217999
2025-03-30 13:25:11.965250000,0.83,0.6,-9.83,Idle,41.771961
2025-03-30 13:25:12.092993000,0.83,0.6,-9.83,Idle,41.899704
2025-03-30 13:25:12.220735999,0.84,0.59,-9.82,Idle,42.027446999
2025-03-30 13:25:12.348479000,0.84,0.6,-9.83,Idle,42.15519
2025-03-30 13:25:12.476222000,0.83,0.6,-9.81,Idle,42.282933
2025-03-30 13:25:12.603964999,0.84,0.6,-9.83,Idle,42.410675999
2025-03-30 13:25:12.731708000,0.83,0.6,-9.82,Idle,42.538419
2025-03-30 13:25:12.859451000,0.83,0.6,-9.82,Idle,42.666162
2025-03-30 13:25:12.987193999,0.83,0.6,-9.82,Idle,42.793904999
2025-03-30 13:25:13.114937000,0.84,0.6,-9.84,Idle,42.921648
2025-03-30 13:25:13.242680000,0.83,0.6,-9.83,Idle,43.049391
2025-03-30 13:25:13.370422999,0.84,0.6,-9.83,Idle,43.177133999
2025-03-30 13:25:13.498166000,0.84,0.6,-9.83,Idle,43.304877
2025-03-30 13:25:13.625909000,0.84,0.6,-9.83,Idle,43.43262
2025-03-30 13:25:13.753651999,0.84,0.59,-9.83,Idle,43.560362999
2025-03-30 13:25:13.881395000,0.83,0.59,-9.83,Idle,43.688106
2025-03-30 13:25:14.009138000,0.83,0.6,-9.83,Idle,43.815849
2025-03-30 13:25:14.136880999,0.84,0.6,-9.82,Idle,43.943591999
2025-03-30 13:25:14.264624000,0.84,0.59,-9.83,Idle,44.071335
2025-03-30 13:25:14.392367000,0.84,0.59,-9.84,Idle,44.199078
2025-03-30 13:25:14.520109999,0.85,0.6,-9.83,Idle,44.326820999
2025-03-30 13:25:14.647853000,0.83,0.6,-9.82,Idle,44.454564
2025-03-30 13:25:14.775596000,0.83,0.59,-9.82,Idle,44.582307
2025-03-30 13:25:14.903338999,0.84,0.6,-9.83,Idle,44.710049999
2025-03-30 13:25:15.031082000,0.85,0.6,-9.83,Idle,44.837793
2025-03-30 13:25:15.158825000,0.83,0.59,-9.83,Idle,44.965536
2025-03-30 13:25:15.286567999,0.84,0.6,-9.83,Idle,45.093278999
2025-03-30 13:25:15.414311000,0.85,0.59,-9.82,Idle,45.221022
2025-03-30 13:25:15.542054000,0.84,0.6,-9.83,Idle,45.348765
2025-03-30 13:25:15.669796999,0.83,0.6,-9.82,Idle,45.476507999
2025-03-30 13:25:15.797540000,0.83,0.61,-9.84,Idle,45.604251
2025-03-30 13:25:15.925283000,0.84,0.6,-9.83,Idle,45.731994
2025-03-30 13:25:16.053025999,0.84,0.6,-9.84,Idle,45.859736999
2025-03-30 13:25:16.180769000,0.97,0.63,-9.88,Transition,45.98748
2025-03-30 13:25:16.308512000,0.89,0.7,-9.87,Transition,46.115223
2025-03-30 13:25:16.436254999,0.82,0.53,-9.64,Transition,46.242965999
2025-03-30 13:25:16.563998000,-2.17,2.78,-13.25,Transition,46.370709
2025-03-30 13:25:16.691741000,4.79,2.34,-10.77,Transition,46.498452
2025-03-30 13:25:16.819483999,-0.12,1.38,-13.12,Transition,46.626194999
2025-03-30 13:25:16.947227000,1.92,0.82,-12.02,Transition,46.753938
2025-03-30 13:25:17.074970000,1.4,0.95,-9.81,Transition,46.881681
2025-03-30 13:25:17.202712999,0.61,0.74,-6.57,Transition,47.009423999
2025-03-30 13:25:17.330456000,0.99,0.43,-5.69,Transition,47.137167
2025-03-30 13:25:17.458199000,1.99,0.7,-7.69,Transition,47.26491
2025-03-30 13:25:17.585941999,1.37,1.35,-10.53,Transition,47.392652999
2025-03-30 13:25:17.713685000,2.12,0.91,-9.02,Transition,47.520396
2025-03-30 13:25:17.841428000,1.2,0.02,-9.98,Transition,47.648139
2025-03-30 13:25:17.969170999,1.8,0.54,-11.46,Transition,47.775881999
2025-03-30 13:25:18.096914000,0.81,-0.72,-11.86,Transition,47.903625
2025-03-30 13:25:18.224657000,0.51,-0.18,-13.25,Transition,48.031368
2025-03-30 13:25:18.352399999,0.24,-2.01,-12.55,Transition,48.159110999
2025-03-30 13:25:18.480143000,-0.0,-2.2,-10.69,Transition,48.286854
2025-03-30 13:25:18.607886000,0.04,-1.94,-7.02,Transition,48.414597
2025-03-30 13:25:18.735628999,-1.14,-2.46,-3.39,Transition,48.542339999
2025-03-30 13:25:18.863372000,-1.82,-2.77,-2.42,Transition,48.670083
2025-03-30 13:25:18.991115000,-1.09,-2.6,-4.87,Transition,48.797826
2025-03-30 13:25:19.118857999,1.29,-0.77,-8.31,Exercise,48.925568999
2025-03-30 13:25:19.246601000,2.43,0.41,-10.89,Exercise,49.053312
2025-03-30 13:25:19.374344000,2.71,0.34,-11.73,Exercise,49.181055
2025-03-30 13:25:19.502086999,2.07,1.51,-12.52,Exercise,49.308797999
2025-03-30 13:25:19.629830000,2.71,1.42,-11.74,Exercise,49.436541
2025-03-30 13:25:19.757573000,3.4,1.09,-10.35,Exercise,49.564284
2025-03-30 13:25:19.885315999,1.98,0.87,-9.81,Exercise,49.692026999
2025-03-30 13:25:20.013059000,2.5,0.28,-10.4,Exercise,49.81977
2025-03-30 13:25:20.140802000,2.3,0.01,-11.34,Exercise,49.947513
2025-03-30 13:25:20.268544999,2.08,-0.31,-12.51,Exercise,50.075255999
2025-03-30 13:25:20.396288000,1.55,-1.38,-13.77,Exercise,50.202999
2025-03-30 13:25:20.524031000,0.64,-2.74,-11.11,Exercise,50.330742
2025-03-30 13:25:20.651773999,-0.14,-1.97,-7.36,Exercise,50.458484999
2025-03-30 13:25:20.779517000,-1.14,-1.93,-3.49,Exercise,50.586228
2025-03-30 13:25:20.907260000,-1.65,-3.63,-2.35,Exercise,50.713971
2025-03-30 13:25:21.035002999,-0.79,-2.98,-4.68,Exercise,50.841713999
2025-03-30 13:25:21.162746000,0.95,-0.74,-8.47,Exercise,50.969457
2025-03-30 13:25:21.290489000,2.31,0.39,-11.38,Exercise,51.0972
2025-03-30 13:25:21.418231999,2.46,-0.08,-12.16,Exercise,51.224942999
2025-03-30 13:25:21.545975000,2.07,1.56,-11.94,Exercise,51.352686
2025-03-30 13:25:21.673718000,2.36,1.41,-11.76,Exercise,51.480429
2025-03-30 13:25:21.801460999,2.83,1.33,-10.44,Exercise,51.608171999
2025-03-30 13:25:21.929204000,2.39,1.16,-9.95,Exercise,51.735915
2025-03-30 13:25:22.056947000,2.29,0.99,-9.5,Exercise,51.863658
2025-03-30 13:25:22.184690000,2.18,0.53,-11.14,Exercise,51.991401
2025-03-30 13:25:22.312433000,2.11,-0.11,-11.57,Exercise,52.119144
2025-03-30 13:25:22.440176000,1.41,-0.08,-13.52,Exercise,52.246887
2025-03-30 13:25:22.567919000,1.63,-2.14,-12.83,Exercise,52.37463
2025-03-30 13:25:22.695662000,-0.36,-2.48,-9.87,Exercise,52.502373
2025-03-30 13:25:22.823405000,0.07,-1.44,-6.27,Exercise,52.630116
2025-03-30 13:25:22.951148000,-1.28,-2.91,-2.3,Exercise,52.757859
2025-03-30 13:25:23.078891000,-1.38,-2.74,-2.88,Exercise,52.885602
2025-03-30 13:25:23.206634000,-0.03,-2.65,-6.25,Exercise,53.013345
2025-03-30 13:25:23.334377000,1.48,0.3,-10.29,Exercise,53.141088
2025-03-30 13:25:23.462120000,2.09,-0.07,-11.33,Exercise,53.268831
2025-03-30 13:25:23.589863000,1.72,0.11,-12.29,Exercise,53.396574
2025-03-30 13:25:23.717606000,2.92,0.44,-11.49,Exercise,53.524317
2025-03-30 13:25:23.845349000,2.25,2.04,-11.64,Exercise,53.65206
2025-03-30 13:25:23.973092000,2.26,1.05,-10.45,Exercise,53.779803
2025-03-30 13:25:24.100835000,2.53,1.15,-9.61,Exercise,53.907546
2025-03-30 13:25:24.228578000,2.34,0.63,-10.27,Exercise,54.035289
2025-03-30 13:25:24.356321000,2.13,-0.2,-11.4,Exercise,54.163032
2025-03-30 13:25:24.484064000,1.79,-0.4,-11.83,Exercise,54.290775
2025-03-30 13:25:24.611807000,1.54,-0.67,-13.8,Exercise,54.418518
2025-03-30 13:25:24.739550000,1.14,-1.98,-12.24,Exercise,54.546261
2025-03-30 13:25:24.867293000,-0.22,-2.44,-9.01,Exercise,54.674004
2025-03-30 13:25:24.995036000,-0.03,-2.4,-4.37,Exercise,54.801747
2025-03-30 13:25:25.122779000,-1.76,-3.4,-1.84,Exercise,54.92949
2025-03-30 13:25:25.250522000,-1.3,-2.97,-3.75,Exercise,55.057233
2025-03-30 13:25:25.378265000,0.79,-1.55,-7.26,Exercise,55.184976
2025-03-30 13:25:25.506008000,2.47,0.17,-10.69,Exercise,55.312719
2025-03-30 13:25:25.633751000,1.68,0.64,-12.71,Exercise,55.440462
2025-03-30 13:25:25.761494000,2.26,1.44,-13.0,Exercise,55.568205
2025-03-30 13:25:25.889237000,2.34,1.1,-11.69,Exercise,55.695948
2025-03-30 13:25:26.016980000,2.71,0.88,-10.2,Exercise,55.823691
2025-03-30 13:25:26.144723000,2.26,0.78,-10.02,Exercise,55.951434
2025-03-30 13:25:26.272466000,2.37,0.83,-9.79,Exercise,56.079177
2025-03-30 13:25:26.400209000,2.06,0.21,-11.3,Exercise,56.20692
2025-03-30 13:25:26.527952000,1.99,-0.52,-11.4,Exercise,56.334663
2025-03-30 13:25:26.655695000,1.43,-0.42,-13.47,Exercise,56.462406
2025-03-30 13:25:26.783438000,1.3,-1.98,-12.21,Exercise,56.590149
2025-03-30 13:25:26.911181000,-0.03,-2.23,-10.02,Exercise,56.717892
2025-03-30 13:25:27.038924000,0.99,-1.31,-6.16,Exercise,56.845635
2025-03-30 13:25:27.166667000,-1.29,-2.7,-2.39,Exercise,56.973378
2025-03-30 13:25:27.294410000,-1.42,-2.57,-3.37,Exercise,57.101121
2025-03-30 13:25:27.422153000,0.71,-2.71,-6.51,Exercise,57.228864
2025-03-30 13:25:27.549896000,2.16,-0.58,-9.66,Exercise,57.356607
2025-03-30 13:25:27.677639000,1.46,-0.4,-11.78,Exercise,57.48435
2025-03-30 13:25:27.805381999,2.28,0.56,-12.91,Exercise,57.612092999
2025-03-30 13:25:27.933125000,2.39,1.12,-11.8,Exercise,57.739836
2025-03-30 13:25:28.060868000,2.23,1.28,-10.73,Exercise,57.867579
2025-03-30 13:25:28.188610999,2.67,1.18,-10.25,Exercise,57.995321999
2025-03-30 13:25:28.316354000,2.35,0.74,-9.97,Exercise,58.123065
2025-03-30 13:25:28.444097000,2.03,0.43,-10.35,Exercise,58.250808
2025-03-30 13:25:28.571839999,2.22,-0.5,-11.85,Exercise,58.378550999
2025-03-30 13:25:28.699583000,1.61,-0.48,-12.02,Exercise,58.506294
2025-03-30 13:25:28.827326000,1.75,-0.98,-13.17,Exercise,58.634037
2025-03-30 13:25:28.955068999,0.34,-2.06,-11.55,Exercise,58.761779999
2025-03-30 13:25:29.082812000,0.57,-1.42,-8.32,Exercise,58.889523
2025-03-30 13:25:29.210555000,-0.46,-2.54,-4.99,Exercise,59.017266
2025-03-30 13:25:29.338297999,-1.49,-3.56,-2.12,Exercise,59.145008999
2025-03-30 13:25:29.466041000,-0.34,-3.69,-4.44,Exercise,59.272752
2025-03-30 13:25:29.593784000,0.81,-0.46,-8.32,Exercise,59.400495
2025-03-30 13:25:29.721526999,1.75,-0.96,-11.27,Exercise,59.528237999
2025-03-30 13:25:29.849270000,1.73,-0.56,-11.87,Exercise,59.655981
2025-03-30 13:25:29.977013000,2.45,0.74,-12.24,Exercise,59.783724
2025-03-30 13:25:30.104755999,2.02,0.54,-11.86,Exercise,59.911466999
2025-03-30 13:25:30.232499000,2.27,0.99,-10.63,Exercise,60.03921
2025-03-30 13:25:30.360242000,2.37,0.64,-9.96,Exercise,60.166953
2025-03-30 13:25:30.487984999,1.95,0.77,-9.85,Exercise,60.294695999
2025-03-30 13:25:30.615728000,2.07,-0.11,-10.63,Exercise,60.422439
2025-03-30 13:25:30.743471000,2.19,-0.58,-11.29,Exercise,60.550182
2025-03-30 13:25:30.871213999,0.62,-0.64,-12.55,Exercise,60.677924999
2025-03-30 13:25:30.998957000,1.38,-1.99,-12.69,Exercise,60.805668
2025-03-30 13:25:31.126700000,0.56,-2.28,-10.59,Exercise,60.933411
2025-03-30 13:25:31.254442999,0.79,-1.96,-7.72,Exercise,61.061153999
2025-03-30 13:25:31.382186000,-1.75,-2.59,-5.57,Exercise,61.188897
2025-03-30 13:25:31.509929000,-1.1,-3.3,-2.14,Exercise,61.31664
2025-03-30 13:25:31.637671999,-0.46,-2.02,-5.27,Exercise,61.444382999
2025-03-30 13:25:31.765415000,2.03,-0.48,-8.63,Exercise,61.572126
2025-03-30 13:25:31.893158000,0.91,-1.3,-11.25,Exercise,61.699869
2025-03-30 13:25:32.020900999,2.11,-0.49,-12.22,Exercise,61.827611999
2025-03-30 13:25:32.148644000,2.53,-0.06,-11.44,Exercise,61.955355
2025-03-30 13:25:32.276387000,1.76,0.74,-11.23,Exercise,62.083098
2025-03-30 13:25:32.404129999,2.08,0.39,-10.57,Exercise,62.210840999
2025-03-30 13:25:32.531873000,2.07,0.73,-10.08,Exercise,62.338584
2025-03-30 13:25:32.659616000,1.86,0.34,-10.37,Exercise,62.466327
2025-03-30 13:25:32.787358999,2.11,-0.42,-11.75,Exercise,62.594069999
2025-03-30 13:25:32.915102000,2.08,-0.31,-12.48,Exercise,62.721813
2025-03-30 13:25:33.042845000,1.41,-1.72,-13.07,Exercise,62.849556
2025-03-30 13:25:33.170587999,1.08,-2.09,-11.29,Exercise,62.977298999
2025-03-30 13:25:33.298331000,-0.08,-2.49,-9.05,Exercise,63.105042
2025-03-30 13:25:33.426074000,0.13,-3.5,-4.13,Exercise,63.232785
2025-03-30 13:25:33.553816999,-1.34,-3.01,-1.84,Exercise,63.360527999
2025-03-30 13:25:33.681560000,-0.38,-2.88,-4.4,Exercise,63.488271
2025-03-30 13:25:33.809303000,1.14,-0.01,-8.93,Exercise,63.616014
2025-03-30 13:25:33.937045999,1.48,-1.32,-11.52,Exercise,63.743756999
2025-03-30 13:25:34.064789000,1.75,-1.09,-11.81,Exercise,63.8715
2025-03-30 13:25:34.192532000,2.49,0.48,-11.9,Exercise,63.999243
2025-03-30 13:25:34.320275000,2.42,0.27,-11.2,Exercise,64.126986
2025-03-30 13:25:34.448018000,1.91,0.66,-10.72,Exercise,64.254729
2025-03-30 13:25:34.575760999,2.01,0.49,-10.14,Exercise,64.382471999
2025-03-30 13:25:34.703504000,2.05,0.29,-10.41,Exercise,64.510215
2025-03-30 13:25:34.831247000,2.36,-0.69,-11.19,Exercise,64.637958
2025-03-30 13:25:34.958989999,1.12,-0.91,-12.75,Exercise,64.765700999
2025-03-30 13:25:35.086733000,1.77,-1.97,-12.66,Exercise,64.893444
2025-03-30 13:25:35.214476000,0.91,-2.33,-11.09,Exercise,65.021187
2025-03-30 13:25:35.342218999,0.63,-1.66,-8.53,Exercise,65.148929999
2025-03-30 13:25:35.469962000,0.57,-3.0,-4.87,Exercise,65.276673
2025-03-30 13:25:35.597705000,-1.89,-3.68,-2.44,Exercise,65.404416
2025-03-30 13:25:35.725447999,-0.41,-2.64,-3.96,Exercise,65.532158999
2025-03-30 13:25:35.853191000,1.38,-0.9,-7.63,Exercise,65.659902
2025-03-30 13:25:35.980934000,0.83,-1.29,-11.25,Exercise,65.787645
2025-03-30 13:25:36.108676999,2.68,-1.13,-12.38,Exercise,65.915387999
2025-03-30 13:25:36.236420000,1.84,0.03,-11.9,Exercise,66.043131
2025-03-30 13:25:36.364163000,2.25,0.81,-11.46,Exercise,66.170874
2025-03-30 13:25:36.491905999,1.95,0.9,-10.65,Exercise,66.298616999
2025-03-30 13:25:36.619649000,1.94,0.49,-9.66,Exercise,66.42636
2025-03-30 13:25:36.747392000,1.97,0.65,-10.38,Exercise,66.554103
2025-03-30 13:25:36.875134999,1.94,-0.45,-10.72,Exercise,66.681845999
2025-03-30 13:25:37.002878000,1.49,-0.74,-11.86,Exercise,66.809589
2025-03-30 13:25:37.130621000,0.99,-1.24,-13.2,Exercise,66.937332
2025-03-30 13:25:37.258363999,0.9,-2.7,-11.59,Exercise,67.065074999
2025-03-30 13:25:37.386107000,-0.11,-2.68,-9.88,Exercise,67.192818
2025-03-30 13:25:37.513850000,1.13,-2.04,-6.46,Exercise,67.320561
2025-03-30 13:25:37.641592999,-0.26,-2.35,-3.37,Exercise,67.448303999
2025-03-30 13:25:37.769336000,-0.92,-3.72,-2.44,Exercise,67.576047
2025-03-30 13:25:37.897079000,0.94,-2.91,-5.8,Exercise,67.70379
2025-03-30 13:25:38.024821999,2.15,-0.55,-9.79,Exercise,67.831532999
2025-03-30 13:25:38.152565000,0.49,-2.51,-11.98,Exercise,67.959276
2025-03-30 13:25:38.280308000,2.3,-0.67,-11.42,Exercise,68.087019
2025-03-30 13:25:38.408050999,1.81,0.4,-11.11,Exercise,68.214761999
2025-03-30 13:25:38.535794000,1.97,0.26,-12.33,Exercise,68.342505
2025-03-30 13:25:38.663537000,2.29,-0.26,-10.19,Exercise,68.470248
2025-03-30 13:25:38.791279999,0.97,0.27,-9.79,Exercise,68.597990999
2025-03-30 13:25:38.919023000,1.45,0.73,-9.94,Exercise,68.725734
2025-03-30 13:25:39.046766000,1.7,-0.12,-9.44,Exercise,68.853477
2025-03-30 13:25:39.174509000,1.23,-0.11,-7.3,Exercise,68.98122
2025-03-30 13:25:39.302252000,1.62,-0.34,-6.11,Exercise,69.108963
2025-03-30 13:25:39.429995000,1.29,-0.29,-8.68,Exercise,69.236706
2025-03-30 13:25:39.557738000,1.41,-0.18,-10.09,Exercise,69.364449
2025-03-30 13:25:39.685481000,1.5,-0.6,-11.09,Exercise,69.492192
2025-03-30 13:25:39.813224000,1.85,-0.6,-11.11,Transition,69.619935
2025-03-30 13:25:39.940967000,1.83,-0.73,-11.56,Transition,69.747678
2025-03-30 13:25:40.068710000,1.77,-0.65,-10.78,Transition,69.875421
2025-03-30 13:25:40.196453000,1.69,-0.85,-10.08,Transition,70.003164
2025-03-30 13:25:40.324196000,1.43,-0.52,-9.79,Transition,70.130907
2025-03-30 13:25:40.451939000,0.71,-0.6,-5.93,Transition,70.25865
2025-03-30 13:25:40.579682000,-0.39,-1.28,-9.87,Transition,70.386393
2025-03-30 13:25:40.707425000,2.3,0.69,-12.2,Transition,70.514136
2025-03-30 13:25:40.835168000,0.86,-3.07,-9.54,Transition,70.641879
2025-03-30 13:25:40.962911000,-1.0,0.52,-12.02,Transition,70.769622
2025-03-30 13:25:41.090654000,-0.28,1.35,-11.54,Transition,70.897365
2025-03-30 13:25:41.218397000,0.31,0.28,-10.89,Transition,71.025108
2025-03-30 13:25:41.346140000,1.01,0.24,-9.88,Transition,71.152851
2025-03-30 13:25:41.473883000,0.82,0.67,-9.83,Transition,71.280594
2025-03-30 13:25:41.601626000,0.85,0.55,-9.85,Transition,71.408337
2025-03-30 13:25:41.729369000,0.86,0.5,-9.9,Transition,71.53608
2025-03-30 13:25:41.857112000,0.88,0.59,-9.81,Transition,71.663823
2025-03-30 13:25:41.984855000,0.85,0.57,-9.84,Transition,71.791566
2025-03-30 13:25:42.112598000,0.85,0.57,-9.83,Transition,71.919309
2025-03-30 13:25:42.240341000,0.85,0.56,-9.83,Transition,72.047052
2025-03-30 13:25:42.368084000,0.86,0.56,-9.83,Idle,72.174795
2025-03-30 13:25:42.495827000,0.85,0.57,-9.83,Idle,72.302538
2025-03-30 13:25:42.623570000,0.85,0.56,-9.83,Idle,72.430281
2025-03-30 13:25:42.751313000,0.86,0.56,-9.82,Idle,72.558024
2025-03-30 13:25:42.879056000,0.86,0.57,-9.83,Idle,72.685767
2025-03-30 13:25:43.006799000,0.86,0.57,-9.82,Idle,72.81351
2025-03-30 13:25:43.134542000,0.85,0.57,-9.82,Idle,72.941253
2025-03-30 13:25:43.262285000,0.86,0.56,-9.82,Idle,73.068996
2025-03-30 13:25:43.390028000,0.86,0.57,-9.82,Idle,73.196739
2025-03-30 13:25:43.517771000,0.87,0.57,-9.84,Idle,73.324482
2025-03-30 13:25:43.645514000,0.86,0.57,-9.82,Idle,73.452225
2025-03-30 13:25:43.773257000,0.87,0.57,-9.83,Idle,73.579968
2025-03-30 13:25:43.901000000,0.86,0.57,-9.83,Idle,73.707711
2025-03-30 13:25:44.028743000,0.87,0.58,-9.83,Idle,73.835454
2025-03-30 13:25:44.156486000,0.86,0.57,-9.82,Idle,73.963197
2025-03-30 13:25:44.284229000,0.86,0.57,-9.83,Idle,74.09094
2025-03-30 13:25:44.411972000,0.87,0.57,-9.84,Idle,74.218683
2025-03-30 13:25:44.539715000,0.86,0.57,-9.82,Idle,74.346426
2025-03-30 13:25:44.667458000,0.86,0.56,-9.82,Idle,74.474169
2025-03-30 13:25:44.795201000,0.86,0.58,-9.82,Idle,74.601912
2025-03-30 13:25:44.922944000,0.86,0.57,-9.84,Idle,74.729655
2025-03-30 13:25:45.050687000,0.87,0.58,-9.82,Idle,74.857398
2025-03-30 13:25:45.178430000,0.9,0.56,-9.83,Idle,74.985141
2025-03-30 13:25:45.306173000,0.85,0.59,-9.84,Idle,75.112884
2025-03-30 13:25:45.433916000,0.88,0.57,-9.83,Idle,75.240627
2025-03-30 13:25:45.561659000,0.86,0.58,-9.84,Idle,75.36837
2025-03-30 13:25:45.689402000,0.86,0.56,-9.83,Idle,75.496113
2025-03-30 13:25:45.817145000,0.87,0.57,-9.82,Idle,75.623856
2025-03-30 13:25:45.944888000,0.87,0.57,-9.83,Idle,75.751599
2025-03-30 13:25:46.072631000,0.87,0.57,-9.83,Idle,75.879342
2025-03-30 13:25:46.200374000,0.87,0.58,-9.83,Idle,76.007085
2025-03-30 13:25:46.328117000,0.86,0.57,-9.84,Idle,76.134828
2025-03-30 13:25:46.455860000,0.86,0.56,-9.83,Idle,76.262571
2025-03-30 13:25:46.583603000,0.87,0.57,-9.83,Idle,76.390314
2025-03-30 13:25:46.711346000,0.87,0.57,-9.81,Idle,76.518057
2025-03-30 13:25:46.839089000,0.87,0.56,-9.83,Idle,76.6458
2025-03-30 13:25:46.966832000,0.87,0.57,-9.82,Idle,76.773543
2025-03-30 13:25:47.094575000,0.87,0.56,-9.83,Idle,76.901286
2025-03-30 13:25:47.222318000,0.87,0.56,-9.82,Idle,77.029029
2025-03-30 13:25:47.350061000,0.87,0.57,-9.82,Idle,77.156772
2025-03-30 13:25:47.477804000,0.87,0.57,-9.82,Idle,77.284515
2025-03-30 13:25:47.605547000,0.87,0.57,-9.81,Idle,77.412258
2025-03-30 13:25:47.733290000,0.87,0.57,-9.83,Idle,77.540001
2025-03-30 13:25:47.861033000,0.88,0.57,-9.82,Idle,77.667744
2025-03-30 13:25:47.988776000,0.87,0.57,-9.83,Idle,77.795487
2025-03-30 13:25:48.116519000,0.88,0.58,-9.82,Idle,77.92323
2025-03-30 13:25:48.244262000,0.86,0.56,-9.83,Idle,78.050973
2025-03-30 13:25:48.372005000,0.88,0.58,-9.82,Idle,78.178716
2025-03-30 13:25:48.499748000,0.88,0.57,-9.82,Idle,78.306459
2025-03-30 13:25:48.627491000,0.87,0.57,-9.83,Idle,78.434202
2025-03-30 13:25:48.755234000,0.87,0.57,-9.83,Idle,78.561945
2025-03-30 13:25:48.882977000,0.88,0.57,-9.83,Idle,78.689688
2025-03-30 13:25:49.010720000,0.87,0.57,-9.82,Idle,78.817431
2025-03-30 13:25:49.138463000,0.88,0.56,-9.82,Idle,78.945174
2025-03-30 13:25:49.266206000,0.88,0.57,-9.81,Idle,79.072917
2025-03-30 13:25:49.393949000,0.87,0.57,-9.83,Idle,79.20066
2025-03-30 13:25:49.521692000,0.88,0.57,-9.83,Idle,79.328403
2025-03-30 13:25:49.649435000,0.88,0.57,-9.83,Idle,79.456146
2025-03-30 13:25:49.777178000,0.88,0.57,-9.84,Idle,79.583889
2025-03-30 13:25:49.904921000,0.88,0.58,-9.82,Idle,79.711632
2025-03-30 13:25:50.032664000,0.88,0.57,-9.84,Idle,79.839375
2025-03-30 13:25:50.160407000,0.88,0.57,-9.82,Idle,79.967118
2025-03-30 13:25:50.288150000,0.88,0.59,-9.82,Idle,80.094861
2025-03-30 13:25:50.415893000,0.88,0.58,-9.83,Idle,80.222604
2025-03-30 13:25:50.543636000,0.88,0.57,-9.82,Idle,80.350347
2025-03-30 13:25:50.671379000,0.88,0.57,-9.82,Idle,80.47809
2025-03-30 13:25:50.799122000,0.89,0.57,-9.83,Idle,80.605833
2025-03-30 13:25:50.926865000,0.88,0.57,-9.83,Idle,80.733576
2025-03-30 13:25:51.054608000,0.88,0.57,-9.81,Idle,80.861319
2025-03-30 13:25:51.182351000,0.88,0.58,-9.83,Idle,80.989062
2025-03-30 13:25:51.310094000,0.88,0.57,-9.83,Idle,81.116805
2025-03-30 13:25:51.437837000,0.88,0.57,-9.82,Idle,81.244548
2025-03-30 13:25:51.565580000,0.88,0.58,-9.85,Idle,81.372291
2025-03-30 13:25:51.693323000,0.89,0.57,-9.83,Idle,81.500034
2025-03-30 13:25:51.821066000,0.88,0.57,-9.84,Idle,81.627777
2025-03-30 13:25:51.948808999,0.89,0.56,-9.83,Idle,81.755519999
2025-03-30 13:25:52.076552000,0.88,0.58,-9.82,Idle,81.883263
2025-03-30 13:25:52.204295000,0.88,0.57,-9.84,Idle,82.011006
2025-03-30 13:25:52.332037999,0.88,0.57,-9.83,Idle,82.138748999
2025-03-30 13:25:52.459781000,0.89,0.59,-9.83,Idle,82.266492
2025-03-30 13:25:52.587524000,0.89,0.58,-9.85,Idle,82.394235
2025-03-30 13:25:52.715266999,0.89,0.57,-9.83,Idle,82.521977999
2025-03-30 13:25:52.843010000,0.88,0.57,-9.83,Idle,82.649721
2025-03-30 13:25:52.970753000,0.88,0.57,-9.82,Idle,82.777464
2025-03-30 13:25:53.098495999,0.89,0.57,-9.83,Idle,82.905206999
2025-03-30 13:25:53.226239000,0.88,0.58,-9.83,Idle,83.03295
2025-03-30 13:25:53.353982000,0.89,0.57,-9.84,Idle,83.160693
2025-03-30 13:25:53.481724999,0.89,0.56,-9.83,Idle,83.288435999
2025-03-30 13:25:53.609468000,0.88,0.57,-9.82,Idle,83.416179
2025-03-30 13:25:53.737211000,0.89,0.57,-9.82,Idle,83.543922
2025-03-30 13:25:53.864953999,0.88,0.57,-9.82,Idle,83.671664999
2025-03-30 13:25:53.992697000,0.88,0.57,-9.81,Idle,83.799408
2025-03-30 13:25:54.120440000,0.88,0.58,-9.82,Idle,83.927151
2025-03-30 13:25:54.248182999,0.88,0.57,-9.82,Idle,84.054893999
2025-03-30 13:25:54.375926000,0.89,0.57,-9.82,Idle,84.182637
2025-03-30 13:25:54.503669000,0.89,0.58,-9.83,Idle,84.31038
2025-03-30 13:25:54.631411999,0.89,0.57,-9.82,Idle,84.438122999
2025-03-30 13:25:54.759155000,0.89,0.57,-9.82,Idle,84.565866
2025-03-30 13:25:54.886898000,0.88,0.57,-9.83,Idle,84.693609
2025-03-30 13:25:55.014640999,0.89,0.56,-9.83,Idle,84.821351999
2025-03-30 13:25:55.142384000,0.9,0.58,-9.83,Idle,84.949095
2025-03-30 13:25:55.270127000,0.88,0.57,-9.81,Idle,85.076838
2025-03-30 13:25:55.397869999,0.89,0.56,-9.82,Idle,85.204580999
2025-03-30 13:25:55.525613000,0.9,0.56,-9.82,Idle,85.332324
2025-03-30 13:25:55.653356000,0.89,0.57,-9.83,Idle,85.460067
2025-03-30 13:25:55.781098999,0.9,0.58,-9.82,Idle,85.587809999
2025-03-30 13:25:55.908842000,0.89,0.57,-9.84,Idle,85.715553
2025-03-30 13:25:56.036585000,0.89,0.58,-9.82,Idle,85.843296
2025-03-30 13:25:56.164327999,0.89,0.57,-9.82,Idle,85.971038999
2025-03-30 13:25:56.292071000,0.9,0.57,-9.83,Idle,86.098782
2025-03-30 13:25:56.419814000,0.89,0.58,-9.82,Idle,86.226525
2025-03-30 13:25:56.547556999,0.89,0.58,-9.82,Idle,86.354267999
2025-03-30 13:25:56.675300000,0.89,0.58,-9.83,Idle,86.482011
2025-03-30 13:25:56.803043000,0.89,0.57,-9.83,Idle,86.609754
2025-03-30 13:25:56.930785999,0.89,0.57,-9.83,Idle,86.737496999
2025-03-30 13:25:57.058529000,0.89,0.57,-9.83,Idle,86.86524
2025-03-30 13:25:57.186272000,0.9,0.58,-9.83,Idle,86.992983
2025-03-30 13:25:57.314014999,0.89,0.58,-9.82,Idle,87.120725999
2025-03-30 13:25:57.441758000,0.9,0.57,-9.81,Idle,87.248469
2025-03-30 13:25:57.569501000,0.89,0.57,-9.83,Idle,87.376212
2025-03-30 13:25:57.697243999,0.89,0.57,-9.82,Idle,87.503954999
2025-03-30 13:25:57.824987000,0.89,0.58,-9.82,Idle,87.631698
2025-03-30 13:25:57.952730000,0.9,0.57,-9.83,Idle,87.759441
2025-03-30 13:25:58.080472999,0.9,0.58,-9.82,Idle,87.887183999
2025-03-30 13:25:58.208216000,0.9,0.57,-9.83,Idle,88.014927
2025-03-30 13:25:58.335959000,0.89,0.57,-9.82,Idle,88.14267
2025-03-30 13:25:58.463701999,0.9,0.57,-9.82,Idle,88.270412999
2025-03-30 13:25:58.591445000,0.9,0.58,-9.82,Idle,88.398156
2025-03-30 13:25:58.719188000,0.89,0.56,-9.82,Idle,88.525899
2025-03-30 13:25:58.846930999,0.89,0.57,-9.83,Idle,88.653641999
2025-03-30 13:25:58.974674000,0.89,0.57,-9.83,Idle,88.781385
2025-03-30 13:25:59.102417000,0.9,0.57,-9.82,Idle,88.909128
2025-03-30 13:25:59.230159999,0.89,0.58,-9.83,Idle,89.036870999
2025-03-30 13:25:59.357903000,0.9,0.57,-9.81,Idle,89.164614
2025-03-30 13:25:59.485646000,0.89,0.57,-9.82,Idle,89.292357
2025-03-30 13:25:59.613388999,0.9,0.57,-9.82,Idle,89.420099999
2025-03-30 13:25:59.741132000,0.88,0.57,-9.83,Idle,89.547843
2025-03-30 13:25:59.868875000,0.89,0.58,-9.82,Idle,89.675586
2025-03-30 13:25:59.996617999,0.9,0.58,-9.82,Idle,89.803328999
2025-03-30 13:26:00.124361000,0.89,0.58,-9.82,Idle,89.931072
2025-03-30 13:26:00.252104000,0.89,0.58,-9.82,Idle,90.058815
2025-03-30 13:26:00.379846999,0.89,0.58,-9.82,Idle,90.186557999
2025-03-30 13:26:00.507590000,0.9,0.57,-9.83,Idle,90.314301
2025-03-30 13:26:00.635333000,0.9,0.58,-9.82,Idle,90.442044
2025-03-30 13:26:00.763075999,0.9,0.57,-9.82,Idle,90.569786999
2025-03-30 13:26:00.890819000,0.9,0.58,-9.82,Idle,90.69753
2025-03-30 13:26:01.018562000,0.9,0.57,-9.82,Idle,90.825273
2025-03-30 13:26:01.146304999,0.9,0.59,-9.82,Idle,90.953015999
2025-03-30 13:26:01.274048000,0.89,0.59,-9.81,Idle,91.080759
2025-03-30 13:26:01.401791000,0.9,0.57,-9.82,Idle,91.208502
2025-03-30 13:26:01.529533999,0.9,0.57,-9.82,Idle,91.336244999
2025-03-30 13:26:01.657277000,0.89,0.57,-9.83,Idle,91.463988
2025-03-30 13:26:01.785020000,0.89,0.58,-9.82,Idle,91.591731
2025-03-30 13:26:01.912762999,0.9,0.57,-9.82,Idle,91.719473999
2025-03-30 13:26:02.040506000,0.9,0.57,-9.83,Idle,91.847217
2025-03-30 13:26:02.168249000,0.9,0.57,-9.83,Idle,91.97496
2025-03-30 13:26:02.295991999,0.9,0.58,-9.83,Idle,92.102702999
2025-03-30 13:26:02.423735000,0.89,0.57,-9.82,Idle,92.230446
2025-03-30 13:26:02.551478000,0.89,0.57,-9.83,Idle,92.358189
2025-03-30 13:26:02.679220999,0.9,0.57,-9.82,Idle,92.485931999
2025-03-30 13:26:02.806964000,0.9,0.57,-9.82,Idle,92.613675
2025-03-30 13:26:02.934707000,0.89,0.57,-9.83,Idle,92.741418
2025-03-30 13:26:03.062449999,0.91,0.56,-9.82,Idle,92.869160999
2025-03-30 13:26:03.190193000,0.9,0.57,-9.81,Idle,92.996904
2025-03-30 13:26:03.317936000,0.91,0.57,-9.83,Idle,93.124647
2025-03-30 13:26:03.445678999,0.91,0.58,-9.82,Idle,93.252389999
2025-03-30 13:26:03.573422000,0.9,0.58,-9.83,Idle,93.380133
2025-03-30 13:26:03.701165000,0.91,0.58,-9.81,Idle,93.507876
2025-03-30 13:26:03.828907999,0.9,0.58,-9.83,Idle,93.635618999
2025-03-30 13:26:03.956651000,0.9,0.58,-9.82,Idle,93.763362
2025-03-30 13:26:04.084394000,0.91,0.58,-9.83,Idle,93.891105
2025-03-30 13:26:04.212136999,0.9,0.58,-9.84,Idle,94.018847999
2025-03-30 13:26:04.339880000,0.91,0.57,-9.81,Idle,94.146591
2025-03-30 13:26:04.467623000,0.9,0.58,-9.82,Idle,94.274334
2025-03-30 13:26:04.595365999,0.91,0.56,-9.81,Idle,94.402076999
2025-03-30 13:26:04.723109000,0.9,0.56,-9.82,Idle,94.52982
2025-03-30 13:26:04.850852000,0.9,0.58,-9.83,Idle,94.657563
2025-03-30 13:26:04.978594999,0.91,0.57,-9.81,Idle,94.785305999
2025-03-30 13:26:05.106338000,0.9,0.57,-9.82,Idle,94.913049
2025-03-30 13:26:05.234081000,0.9,0.57,-9.83,Idle,95.040792
2025-03-30 13:26:05.361823999,0.91,0.58,-9.82,Idle,95.168534999
2025-03-30 13:26:05.489567000,0.91,0.57,-9.82,Idle,95.296278
2025-03-30 13:26:05.617310000,0.9,0.57,-9.82,Idle,95.424021
2025-03-30 13:26:05.745052999,0.91,0.58,-9.82,Idle,95.551763999
2025-03-30 13:26:05.872796000,0.9,0.57,-9.82,Idle,95.679507
2025-03-30 13:26:06.000539000,0.9,0.58,-9.83,Idle,95.80725
2025-03-30 13:26:06.128281999,0.9,0.59,-9.83,Idle,95.934992999
2025-03-30 13:26:06.256025000,0.9,0.58,-9.81,Idle,96.062736
2025-03-30 13:26:06.383768000,0.9,0.57,-9.83,Idle,96.190479
2025-03-30 13:26:06.511510999,0.91,0.57,-9.83,Idle,96.318221999
2025-03-30 13:26:06.639254000,0.9,0.58,-9.82,Idle,96.445965
2025-03-30 13:26:06.766997000,0.91,0.57,-9.82,Idle,96.573708
2025-03-30 13:26:06.894739999,0.91,0.57,-9.83,Idle,96.701450999
2025-03-30 13:26:07.022483000,0.9,0.58,-9.83,Idle,96.829194
2025-03-30 13:26:07.150226000,0.9,0.57,-9.83,Idle,96.956937
2025-03-30 13:26:07.277968999,0.9,0.57,-9.84,Idle,97.084679999
2025-03-30 13:26:07.405712000,0.9,0.58,-9.81,Idle,97.212423
2025-03-30 13:26:07.533455000,0.9,0.57,-9.8,Idle,97.340166
2025-03-30 13:26:07.661197999,1.26,0.53,-9.79,Transition,97.467908999
2025-03-30 13:26:07.788941000,0.66,0.79,-9.91,Transition,97.595652
2025-03-30 13:26:07.916684000,1.46,0.12,-9.7,Transition,97.723395
2025-03-30 13:26:08.044426999,0.83,0.68,-9.75,Transition,97.851137999
2025-03-30 13:26:08.172170000,-0.93,0.93,-13.11,Transition,97.978881
2025-03-30 13:26:08.299913000,3.21,4.37,-10.78,Transition,98.106624
2025-03-30 13:26:08.427655999,0.27,1.33,-12.71,Transition,98.234366999
2025-03-30 13:26:08.555399000,2.58,1.51,-11.44,Transition,98.36211
2025-03-30 13:26:08.683142000,0.79,1.62,-10.32,Transition,98.489853
2025-03-30 13:26:08.810884999,0.91,0.87,-7.75,Transition,98.617595999
2025-03-30 13:26:08.938628000,1.44,0.89,-4.84,Transition,98.745339
2025-03-30 13:26:09.066371000,1.57,1.58,-6.89,Transition,98.873082
2025-03-30 13:26:09.194113999,0.73,1.41,-10.19,Transition,99.000824999
2025-03-30 13:26:09.321857000,1.69,2.48,-9.36,Transition,99.128568
2025-03-30 13:26:09.449600000,1.4,1.23,-10.47,Transition,99.256311
2025-03-30 13:26:09.577342999,2.05,1.63,-8.59,Transition,99.384053999
2025-03-30 13:26:09.705086000,1.52,0.88,-9.93,Transition,99.511797
2025-03-30 13:26:09.832829000,1.22,1.23,-9.4,Transition,99.63954
2025-03-30 13:26:09.960571999,2.02,-0.04,-10.33,Transition,99.767282999
2025-03-30 13:26:10.088315000,1.24,0.42,-11.14,Transition,99.895026
2025-03-30 13:26:10.216058000,1.24,-0.81,-11.07,Transition,100.022769
2025-03-30 13:26:10.343800999,1.08,-0.42,-12.43,Transition,100.150511999
2025-03-30 13:26:10.471544000,0.55,-1.48,-13.25,Transition,100.278255
2025-03-30 13:26:10.599287000,1.09,-1.18,-9.69,Exercise,100.405998
2025-03-30 13:26:10.727029999,0.29,-1.88,-7.08,Exercise,100.533740999
2025-03-30 13:26:10.854773000,-0.49,-1.27,-4.01,Exercise,100.661484
2025-03-30 13:26:10.982516000,-0.66,-2.49,-3.22,Exercise,100.789227
2025-03-30 13:26:11.110258999,0.4,-2.0,-5.22,Exercise,100.916969999
2025-03-30 13:26:11.238002000,1.79,0.45,-9.24,Exercise,101.044713
2025-03-30 13:26:11.365745000,0.43,-0.23,-12.33,Exercise,101.172456
2025-03-30 13:26:11.493487999,2.77,0.79,-11.96,Exercise,101.300198999
2025-03-30 13:26:11.621231000,1.52,2.48,-11.68,Exercise,101.427942
2025-03-30 13:26:11.748974000,2.41,1.29,-10.59,Exercise,101.555685
2025-03-30 13:26:11.876716999,2.4,1.63,-10.26,Exercise,101.683427999
2025-03-30 13:26:12.004460000,2.28,0.83,-10.48,Exercise,101.811171
2025-03-30 13:26:12.132203000,1.94,0.46,-10.57,Exercise,101.938914
2025-03-30 13:26:12.259945999,2.72,-0.23,-11.74,Exercise,102.066656999
2025-03-30 13:26:12.387689000,1.27,-0.15,-13.39,Exercise,102.1944
2025-03-30 13:26:12.515432000,2.17,-2.12,-13.34,Exercise,102.322143
2025-03-30 13:26:12.643174999,0.24,-2.4,-10.78,Exercise,102.449885999
2025-03-30 13:26:12.770918000,2.42,-1.11,-5.74,Exercise,102.577629
2025-03-30 13:26:12.898661000,-0.47,-1.61,-2.2,Exercise,102.705372
2025-03-30 13:26:13.026403999,-1.01,-3.29,-2.88,Exercise,102.833114999
2025-03-30 13:26:13.154147000,0.5,-1.77,-5.77,Exercise,102.960858
2025-03-30 13:26:13.281890000,2.02,0.01,-9.65,Exercise,103.088601
2025-03-30 13:26:13.409632999,1.91,-0.15,-12.46,Exercise,103.216343999
2025-03-30 13:26:13.537376000,1.87,1.15,-12.83,Exercise,103.344087
2025-03-30 13:26:13.665119000,2.3,0.98,-11.11,Exercise,103.47183
2025-03-30 13:26:13.792861999,2.15,1.65,-10.69,Exercise,103.599572999
2025-03-30 13:26:13.920605000,2.32,1.06,-10.71,Exercise,103.727316
2025-03-30 13:26:14.048348000,2.36,1.11,-9.65,Exercise,103.855059
2025-03-30 13:26:14.176091000,2.16,0.13,-10.88,Exercise,103.982802
2025-03-30 13:26:14.303834000,2.13,0.44,-11.91,Exercise,104.110545
2025-03-30 13:26:14.431577000,1.63,-0.32,-12.9,Exercise,104.238288
2025-03-30 13:26:14.559320000,1.48,-2.28,-12.76,Exercise,104.366031
2025-03-30 13:26:14.687063000,0.33,-2.26,-10.1,Exercise,104.493774
2025-03-30 13:26:14.814806000,1.13,-1.4,-5.57,Exercise,104.621517
2025-03-30 13:26:14.942549000,-1.83,-2.46,-3.08,Exercise,104.74926
2025-03-30 13:26:15.070292000,-0.4,-2.88,-3.01,Exercise,104.877003
2025-03-30 13:26:15.198035000,1.17,-1.27,-6.69,Exercise,105.004746
2025-03-30 13:26:15.325778000,1.18,-0.54,-9.9,Exercise,105.132489
2025-03-30 13:26:15.453521000,1.29,-0.81,-12.2,Exercise,105.260232
2025-03-30 13:26:15.581264000,2.3,0.68,-11.92,Exercise,105.387975
2025-03-30 13:26:15.709007000,2.61,1.24,-11.45,Exercise,105.515718
2025-03-30 13:26:15.836750000,1.89,0.88,-11.43,Exercise,105.643461
2025-03-30 13:26:15.964493000,2.18,1.01,-10.17,Exercise,105.771204
2025-03-30 13:26:16.092236000,2.25,0.91,-10.61,Exercise,105.898947
2025-03-30 13:26:16.219979000,2.36,-0.05,-11.85,Exercise,106.02669
2025-03-30 13:26:16.347722000,1.48,-0.51,-12.91,Exercise,106.154433
2025-03-30 13:26:16.475465000,2.12,-0.99,-12.89,Exercise,106.282176
2025-03-30 13:26:16.603208000,1.1,-1.71,-10.76,Exercise,106.409919
2025-03-30 13:26:16.730951000,1.29,-0.81,-6.92,Exercise,106.537662
2025-03-30 13:26:16.858694000,-1.01,-1.68,-3.79,Exercise,106.665405
2025-03-30 13:26:16.986437000,-1.01,-2.8,-2.7,Exercise,106.793148
2025-03-30 13:26:17.114180000,1.05,-1.46,-6.19,Exercise,106.920891
2025-03-30 13:26:17.241923000,1.29,0.09,-10.02,Exercise,107.048634
2025-03-30 13:26:17.369666000,0.7,-0.61,-12.24,Exercise,107.176377
2025-03-30 13:26:17.497409000,2.67,0.16,-11.75,Exercise,107.30412
2025-03-30 13:26:17.625152000,2.79,-0.12,-11.57,Exercise,107.431863
2025-03-30 13:26:17.752895000,1.62,0.77,-10.96,Exercise,107.559606
2025-03-30 13:26:17.880638000,1.94,0.48,-10.45,Exercise,107.687349
2025-03-30 13:26:18.008381000,2.22,0.8,-10.12,Exercise,107.815092
2025-03-30 13:26:18.136124000,2.1,-0.13,-10.84,Exercise,107.942835
2025-03-30 13:26:18.263867000,2.11,-0.13,-11.92,Exercise,108.070578
2025-03-30 13:26:18.391610000,1.26,-0.51,-13.76,Exercise,108.198321
2025-03-30 13:26:18.519353000,1.47,-1.37,-12.28,Exercise,108.326064
2025-03-30 13:26:18.647096000,0.13,-2.4,-9.79,Exercise,108.453807
2025-03-30 13:26:18.774839000,0.95,-1.44,-5.87,Exercise,108.58155
2025-03-30 13:26:18.902582000,-1.98,-3.05,-2.97,Exercise,108.709293
2025-03-30 13:26:19.030325000,-0.89,-2.93,-2.92,Exercise,108.837036
2025-03-30 13:26:19.158068000,0.92,-1.63,-6.13,Exercise,108.964779
2025-03-30 13:26:19.285811000,1.31,-0.79,-10.61,Exercise,109.092522
2025-03-30 13:26:19.413554000,1.27,-1.83,-12.56,Exercise,109.220265
2025-03-30 13:26:19.541297000,2.41,0.7,-12.61,Exercise,109.348008
2025-03-30 13:26:19.669040000,2.4,0.08,-10.8,Exercise,109.475751
2025-03-30 13:26:19.796783000,1.12,0.89,-11.05,Exercise,109.603494
2025-03-30 13:26:19.924526000,2.2,0.4,-10.46,Exercise,109.731237
2025-03-30 13:26:20.052269000,1.75,-0.03,-10.34,Exercise,109.85898
2025-03-30 13:26:20.180012000,1.78,-0.18,-11.44,Exercise,109.986723
2025-03-30 13:26:20.307755000,1.32,-1.11,-12.34,Exercise,110.114466
2025-03-30 13:26:20.435498000,0.87,-1.24,-13.39,Exercise,110.242209
2025-03-30 13:26:20.563241000,1.21,-2.35,-11.02,Exercise,110.369952
2025-03-30 13:26:20.690984000,-0.55,-2.27,-8.43,Exercise,110.497695
2025-03-30 13:26:20.818727000,1.62,-1.93,-3.22,Exercise,110.625438
2025-03-30 13:26:20.946470000,-1.99,-3.73,-2.44,Exercise,110.753181
2025-03-30 13:26:21.074213000,0.06,-2.26,-4.79,Exercise,110.880924
2025-03-30 13:26:21.201956000,2.34,-0.51,-8.81,Exercise,111.008667
2025-03-30 13:26:21.329699000,0.86,-0.69,-12.61,Exercise,111.13641
2025-03-30 13:26:21.457442000,1.85,0.21,-11.59,Exercise,111.264153
2025-03-30 13:26:21.585185000,2.22,0.16,-11.75,Exercise,111.391896
2025-03-30 13:26:21.712928000,2.11,0.61,-10.65,Exercise,111.519639
2025-03-30 13:26:21.840671000,1.57,0.82,-10.83,Exercise,111.647382
2025-03-30 13:26:21.968414000,2.29,0.57,-10.02,Exercise,111.775125
2025-03-30 13:26:22.096157000,1.58,0.82,-10.32,Exercise,111.902868
2025-03-30 13:26:22.223900000,2.06,0.09,-11.57,Exercise,112.030611
2025-03-30 13:26:22.351643000,1.56,-0.47,-12.03,Exercise,112.158354
2025-03-30 13:26:22.479386000,1.33,-1.14,-12.6,Exercise,112.286097
2025-03-30 13:26:22.607129000,0.85,-2.21,-11.35,Exercise,112.41384
2025-03-30 13:26:22.734872000,0.22,-2.54,-9.12,Exercise,112.541583
2025-03-30 13:26:22.862615000,0.32,-2.33,-5.92,Exercise,112.669326
2025-03-30 13:26:22.990358000,-1.41,-2.81,-3.17,Exercise,112.797069
2025-03-30 13:26:23.118101000,-0.73,-2.55,-2.97,Exercise,112.924812
2025-03-30 13:26:23.245844000,0.57,-2.06,-6.3,Exercise,113.052555
2025-03-30 13:26:23.373587000,2.18,0.2,-10.36,Exercise,113.180298
2025-03-30 13:26:23.501330000,1.14,-0.77,-12.09,Exercise,113.308041
2025-03-30 13:26:23.629073000,2.61,-0.95,-11.48,Exercise,113.435784
2025-03-30 13:26:23.756816000,1.92,0.52,-12.37,Exercise,113.563527
2025-03-30 13:26:23.884559000,2.23,0.71,-11.18,Exercise,113.69127
2025-03-30 13:26:24.012302000,1.35,0.98,-10.62,Exercise,113.819013
2025-03-30 13:26:24.140045000,2.59,0.4,-10.01,Exercise,113.946756
2025-03-30 13:26:24.267788000,1.74,0.35,-10.81,Exercise,114.074499
2025-03-30 13:26:24.395531000,1.6,-0.27,-11.55,Exercise,114.202242
2025-03-30 13:26:24.523274000,0.9,-0.8,-12.56,Exercise,114.329985
2025-03-30 13:26:24.651017000,1.33,-1.88,-12.41,Exercise,114.457728
2025-03-30 13:26:24.778760000,0.36,-2.84,-10.65,Exercise,114.585471
2025-03-30 13:26:24.906503000,1.31,-1.67,-7.55,Exercise,114.713214
2025-03-30 13:26:25.034245999,-0.99,-3.23,-4.48,Exercise,114.840956999
2025-03-30 13:26:25.161989000,-1.18,-2.73,-2.63,Exercise,114.9687
2025-03-30 13:26:25.289732000,0.45,-2.61,-4.65,Exercise,115.096443
2025-03-30 13:26:25.417474999,1.93,-0.8,-8.81,Exercise,115.224185999
2025-03-30 13:26:25.545218000,0.85,-1.06,-11.65,Exercise,115.351929
2025-03-30 13:26:25.672961000,2.42,-0.37,-12.46,Exercise,115.479672
2025-03-30 13:26:25.800703999,2.15,0.57,-11.7,Exercise,115.607414999
2025-03-30 13:26:25.928447000,1.88,-0.21,-10.66,Exercise,115.735158
2025-03-30 13:26:26.056190000,1.4,0.81,-10.51,Exercise,115.862901
2025-03-30 13:26:26.183932999,1.95,0.27,-10.16,Exercise,115.990643999
2025-03-30 13:26:26.311676000,1.99,0.43,-10.33,Exercise,116.118387
2025-03-30 13:26:26.439419000,1.91,-0.14,-10.83,Exercise,116.24613
2025-03-30 13:26:26.567161999,1.11,-0.53,-12.05,Exercise,116.373872999
2025-03-30 13:26:26.694905000,1.4,-1.69,-12.26,Exercise,116.501616
2025-03-30 13:26:26.822648000,0.53,-2.4,-11.21,Exercise,116.629359
2025-03-30 13:26:26.950390999,0.39,-2.12,-9.42,Exercise,116.757101999
2025-03-30 13:26:27.078134000,1.28,-2.52,-5.92,Exercise,116.884845
2025-03-30 13:26:27.205877000,-2.19,-3.52,-4.16,Exercise,117.012588
2025-03-30 13:26:27.333619999,-0.97,-2.67,-3.04,Exercise,117.140330999
2025-03-30 13:26:27.461363000,0.54,-2.33,-6.36,Exercise,117.268074
2025-03-30 13:26:27.589106000,1.53,-1.75,-9.44,Exercise,117.395817
2025-03-30 13:26:27.716848999,1.02,-0.81,-12.71,Exercise,117.523559999
2025-03-30 13:26:27.844592000,2.4,-0.18,-11.93,Exercise,117.651303
2025-03-30 13:26:27.972335000,1.92,-0.18,-10.86,Exercise,117.779046
2025-03-30 13:26:28.100077999,2.25,-0.04,-10.74,Exercise,117.906788999
2025-03-30 13:26:28.227821000,1.65,0.43,-10.37,Exercise,118.034532
2025-03-30 13:26:28.355564000,1.8,0.44,-10.21,Exercise,118.162275
2025-03-30 13:26:28.483306999,1.86,0.57,-10.02,Exercise,118.290017999
2025-03-30 13:26:28.611050000,1.79,0.16,-10.42,Exercise,118.417761
2025-03-30 13:26:28.738793000,1.9,-0.39,-11.71,Exercise,118.545504
2025-03-30 13:26:28.866535999,1.05,-0.55,-11.98,Exercise,118.673246999
2025-03-30 13:26:28.994279000,1.74,-1.3,-12.13,Exercise,118.80099
2025-03-30 13:26:29.122022000,0.84,-2.83,-11.02,Exercise,118.928733
2025-03-30 13:26:29.249764999,1.04,-2.35,-8.98,Exercise,119.056475999
2025-03-30 13:26:29.377508000,0.02,-3.43,-6.3,Exercise,119.184219
2025-03-30 13:26:29.505251000,-1.73,-2.75,-4.14,Exercise,119.311962
2025-03-30 13:26:29.632993999,-0.31,-2.71,-3.31,Exercise,119.439704999
2025-03-30 13:26:29.760737000,0.84,-2.29,-6.74,Exercise,119.567448
2025-03-30 13:26:29.888480000,0.88,-1.4,-10.2,Exercise,119.695191
2025-03-30 13:26:30.016222999,1.52,-1.04,-11.92,Exercise,119.822933999
2025-03-30 13:26:30.143966000,2.13,-0.73,-11.41,Exercise,119.950677
2025-03-30 13:26:30.271709000,1.37,-0.08,-11.24,Exercise,120.07842
2025-03-30 13:26:30.399451999,2.36,-0.29,-11.31,Exercise,120.206162999
2025-03-30 13:26:30.527195000,1.94,-0.57,-10.48,Exercise,120.333906
2025-03-30 13:26:30.654938000,1.15,0.27,-9.62,Exercise,120.461649
2025-03-30 13:26:30.782680999,1.6,0.2,-9.65,Exercise,120.589391999
2025-03-30 13:26:30.910424000,1.69,-0.32,-9.81,Exercise,120.717135
2025-03-30 13:26:31.038167000,1.05,0.32,-8.43,Exercise,120.844878
2025-03-30 13:26:31.165909999,0.9,0.03,-6.68,Exercise,120.972620999
2025-03-30 13:26:31.293653000,1.71,-0.3,-8.24,Transition,121.100364
2025-03-30 13:26:31.421396000,1.25,-0.31,-9.81,Transition,121.228107
2025-03-30 13:26:31.549138999,2.14,-0.38,-10.76,Transition,121.355849999
2025-03-30 13:26:31.676882000,1.26,-0.49,-11.19,Transition,121.483593
2025-03-30 13:26:31.804625000,1.47,-0.54,-11.07,Transition,121.611336
2025-03-30 13:26:31.932367999,1.9,-0.48,-10.94,Transition,121.739078999
2025-03-30 13:26:32.060111000,1.55,-0.57,-10.26,Transition,121.866822
2025-03-30 13:26:32.187854000,1.31,-0.35,-9.75,Transition,121.994565
2025-03-30 13:26:32.315596999,1.35,-0.57,-10.0,Transition,122.122307999
2025-03-30 13:26:32.443340000,1.51,-0.42,-9.69,Transition,122.250051
2025-03-30 13:26:32.571083000,0.97,0.48,-9.6,Transition,122.377794
2025-03-30 13:26:32.698825999,-0.43,-0.4,-9.98,Transition,122.505536999
2025-03-30 13:26:32.826569000,-0.45,0.3,-10.66,Transition,122.63328
2025-03-30 13:26:32.954312000,0.05,0.66,-10.95,Transition,122.761023
2025-03-30 13:26:33.082054999,0.85,-0.12,-10.33,Transition,122.888765999
2025-03-30 13:26:33.209798000,1.27,0.44,-9.49,Transition,123.016509
2025-03-30 13:26:33.337541000,0.89,0.54,-9.88,Transition,123.144252
2025-03-30 13:26:33.465283999,0.9,0.56,-9.83,Transition,123.271994999
2025-03-30 13:26:33.593027000,0.91,0.54,-9.82,Transition,123.399738
2025-03-30 13:26:33.720770000,0.9,0.54,-9.83,Transition,123.527481
2025-03-30 13:26:33.848512999,0.9,0.55,-9.83,Idle,123.655223999
2025-03-30 13:26:33.976256000,0.9,0.54,-9.82,Idle,123.782967
2025-03-30 13:26:34.103999000,0.9,0.54,-9.83,Idle,123.91071
2025-03-30 13:26:34.231741999,0.9,0.53,-9.82,Idle,124.038452999
2025-03-30 13:26:34.359485000,0.91,0.54,-9.82,Idle,124.166196
2025-03-30 13:26:34.487228000,0.9,0.53,-9.84,Idle,124.293939
2025-03-30 13:26:34.614970999,0.9,0.53,-9.84,Idle,124.421681999
2025-03-30 13:26:34.742714000,0.9,0.54,-9.83,Idle,124.549425
2025-03-30 13:26:34.870457000,0.9,0.54,-9.82,Idle,124.677168
2025-03-30 13:26:34.998199999,0.9,0.55,-9.84,Idle,124.804910999
2025-03-30 13:26:35.125943000,0.91,0.54,-9.83,Idle,124.932654
2025-03-30 13:26:35.253686000,0.89,0.54,-9.82,Idle,125.060397
2025-03-30 13:26:35.381428999,0.91,0.55,-9.82,Idle,125.188139999
2025-03-30 13:26:35.509172000,0.9,0.54,-9.82,Idle,125.315883
2025-03-30 13:26:35.636915000,0.91,0.54,-9.82,Idle,125.443626
2025-03-30 13:26:35.764657999,0.91,0.54,-9.84,Idle,125.571368999
2025-03-30 13:26:35.892401000,0.9,0.54,-9.83,Idle,125.699112
2025-03-30 13:26:36.020144000,0.91,0.54,-9.83,Idle,125.826855
2025-03-30 13:26:36.147886999,0.91,0.54,-9.84,Idle,125.954597999
2025-03-30 13:26:36.275630000,0.91,0.55,-9.83,Idle,126.082341
2025-03-30 13:26:36.403373000,0.9,0.54,-9.84,Idle,126.210084
2025-03-30 13:26:36.531115999,0.91,0.54,-9.83,Idle,126.337826999
2025-03-30 13:26:36.658859000,0.91,0.54,-9.82,Idle,126.46557
2025-03-30 13:26:36.786602000,0.91,0.54,-9.83,Idle,126.593313
2025-03-30 13:26:36.914344999,0.91,0.54,-9.83,Idle,126.721055999
2025-03-30 13:26:37.042088000,0.89,0.54,-9.82,Idle,126.848799
2025-03-30 13:26:37.169831000,0.91,0.56,-9.82,Idle,126.976542
2025-03-30 13:26:37.297573999,0.91,0.54,-9.81,Idle,127.104284999
2025-03-30 13:26:37.425317000,0.9,0.55,-9.82,Idle,127.232028
2025-03-30 13:26:37.553060000,0.9,0.54,-9.83,Idle,127.359771
2025-03-30 13:26:37.680802999,0.9,0.55,-9.82,Idle,127.487513999
2025-03-30 13:26:37.808546000,0.92,0.54,-9.84,Idle,127.615257
2025-03-30 13:26:37.936289000,0.92,0.54,-9.82,Idle,127.743
2025-03-30 13:26:38.064031999,0.91,0.56,-9.84,Idle,127.870742999
2025-03-30 13:26:38.191775000,0.91,0.54,-9.82,Idle,127.998486
2025-03-30 13:26:38.319518000,0.92,0.53,-9.81,Idle,128.126229
2025-03-30 13:26:38.447261000,0.91,0.55,-9.82,Idle,128.253972
2025-03-30 13:26:38.575003999,0.89,0.49,-9.82,Idle,128.381714999
2025-03-30 13:26:38.702747000,0.91,0.54,-9.83,Idle,128.509458
2025-03-30 13:26:38.830490000,0.91,0.54,-9.83,Idle,128.637201
2025-03-30 13:26:38.958232999,0.91,0.54,-9.83,Idle,128.764943999
2025-03-30 13:26:39.085976000,0.91,0.54,-9.83,Idle,128.892687
2025-03-30 13:26:39.213719000,0.91,0.56,-9.83,Idle,129.02043
2025-03-30 13:26:39.341461999,0.91,0.56,-9.83,Idle,129.148172999
2025-03-30 13:26:39.469205000,0.91,0.54,-9.81,Idle,129.275916
2025-03-30 13:26:39.596948000,0.91,0.53,-9.82,Idle,129.403659
2025-03-30 13:26:39.724690999,0.91,0.56,-9.83,Idle,129.531401999
2025-03-30 13:26:39.852434000,0.92,0.55,-9.83,Idle,129.659145
2025-03-30 13:26:39.980177000,0.92,0.54,-9.83,Idle,129.786888
2025-03-30 13:26:40.107919999,0.91,0.54,-9.83,Idle,129.914630999
2025-03-30 13:26:40.235663000,0.93,0.56,-9.84,Idle,130.042374
2025-03-30 13:26:40.363406000,0.9,0.55,-9.84,Idle,130.170117
2025-03-30 13:26:40.491148999,0.91,0.54,-9.83,Idle,130.297859999
2025-03-30 13:26:40.618892000,0.91,0.54,-9.83,Idle,130.425603
2025-03-30 13:26:40.746635000,0.91,0.54,-9.83,Idle,130.553346
2025-03-30 13:26:40.874377999,0.91,0.55,-9.83,Idle,130.681088999
2025-03-30 13:26:41.002121000,0.92,0.55,-9.83,Idle,130.808832
2025-03-30 13:26:41.129864000,0.91,0.55,-9.83,Idle,130.936575
2025-03-30 13:26:41.257606999,0.92,0.54,-9.84,Idle,131.064317999
2025-03-30 13:26:41.385350000,0.91,0.54,-9.82,Idle,131.192061
2025-03-30 13:26:41.513093000,0.92,0.54,-9.83,Idle,131.319804
2025-03-30 13:26:41.640835999,0.92,0.55,-9.84,Idle,131.447546999
2025-03-30 13:26:41.768579000,0.92,0.55,-9.84,Idle,131.57529
2025-03-30 13:26:41.896322000,0.92,0.55,-9.84,Idle,131.703033
2025-03-30 13:26:42.024064999,0.92,0.55,-9.83,Idle,131.830775999
2025-03-30 13:26:42.151808000,0.92,0.56,-9.83,Idle,131.958519
2025-03-30 13:26:42.279551000,0.92,0.55,-9.82,Idle,132.086262
2025-03-30 13:26:42.407293999,0.92,0.54,-9.83,Idle,132.214004999
2025-03-30 13:26:42.535037000,0.91,0.55,-9.84,Idle,132.341748
2025-03-30 13:26:42.662780000,0.91,0.55,-9.83,Idle,132.469491
2025-03-30 13:26:42.790522999,0.92,0.56,-9.85,Idle,132.597233999
2025-03-30 13:26:42.918266000,0.9,0.56,-9.84,Idle,132.724977
2025-03-30 13:26:43.046009000,1.03,0.5,-9.67,Transition,132.85272
2025-03-30 13:26:43.173751999,0.68,0.43,-10.04,Transition,132.980462999
2025-03-30 13:26:43.301495000,0.71,0.36,-9.96,Transition,133.108206
2025-03-30 13:26:43.429238000,0.6,0.41,-10.28,Transition,133.235949
2025-03-30 13:26:43.556980999,0.87,0.21,-10.0,Transition,133.363691999
2025-03-30 13:26:43.684724000,1.33,0.41,-9.73,Transition,133.491435
2025-03-30 13:26:43.812467000,1.22,0.2,-9.81,Transition,133.619178
2025-03-30 13:26:43.940209999,1.2,0.27,-9.82,Transition,133.746920999
2025-03-30 13:26:44.067953000,1.25,0.25,-9.77,Transition,133.874664
2025-03-30 13:26:44.195696000,1.18,0.14,-9.74,Transition,134.002407
2025-03-30 13:26:44.323438999,0.98,0.2,-9.86,Transition,134.130149999
2025-03-30 13:26:44.451182000,0.97,0.31,-9.84,Transition,134.257893
2025-03-30 13:26:44.578925000,0.99,0.47,-9.79,Transition,134.385636
2025-03-30 13:26:44.706667999,0.82,0.45,-9.93,Transition,134.513378999
2025-03-30 13:26:44.834411000,0.88,0.46,-9.84,Transition,134.641122
2025-03-30 13:26:44.962154000,0.97,0.52,-9.89,Transition,134.768865
2025-03-30 13:26:45.089896999,1.34,0.49,-9.75,Transition,134.896607999
2025-03-30 13:26:45.217640000,1.28,0.62,-9.83,Transition,135.024351
2025-03-30 13:26:45.345383000,1.47,0.66,-9.63,Transition,135.152094
2025-03-30 13:26:45.473125999,1.38,0.48,-9.74,Transition,135.279836999
