Timestamp,X,Y,Z
2025-03-30T13:24:30.193289,-0.81,-0.57,9.84
2025-03-30T13:24:30.311730,-0.83,-0.56,9.86
2025-03-30T13:24:30.426008,-0.83,-0.64,9.85
2025-03-30T13:24:30.558693,-0.89,-0.59,9.81
2025-03-30T13:24:30.686500,-0.84,-0.58,9.83
2025-03-30T13:24:30.810059,-0.83,-0.6,9.85
2025-03-30T13:24:30.960846,-0.89,-0.56,9.82
2025-03-30T13:24:31.069559,-0.83,-0.58,9.84
2025-03-30T13:24:31.198854,-0.85,-0.57,9.82
2025-03-30T13:24:31.359339,-0.9,-0.59,9.81
2025-03-30T13:24:31.500780,-0.49,-0.74,12.76
2025-03-30T13:24:31.601752,-0.88,-1.22,11.55
2025-03-30T13:24:31.733514,0.18,-1.01,11.51
2025-03-30T13:24:31.860982,-2.25,-0.48,11.14
2025-03-30T13:24:31.980533,-0.34,-1.39,11.16
2025-03-30T13:24:32.113241,-1.2,-0.63,9.96
2025-03-30T13:24:32.243862,-0.47,-0.78,7.37
2025-03-30T13:24:32.367171,0.13,-1.41,6.22
2025-03-30T13:24:32.536486,-0.57,-0.9,8.53
2025-03-30T13:24:32.622598,-1.62,-0.68,9.18
2025-03-30T13:24:32.780202,0.62,-1.52,10.82
2025-03-30T13:24:32.909583,-0.55,-1.1,10.28
2025-03-30T13:24:33.011317,-0.38,-0.98,10.08
2025-03-30T13:24:33.137766,-0.69,-1.04,9.66
2025-03-30T13:24:33.294108,0.32,-1.3,10.16
2025-03-30T13:24:33.407745,-0.87,-0.79,9.76
2025-03-30T13:24:33.532086,-0.56,-1.13,9.66
2025-03-30T13:24:33.693780,-0.9,-1.18,9.49
2025-03-30T13:24:33.785045,-0.87,-0.37,10.5
2025-03-30T13:24:33.942679,-1.03,-0.5,9.88
2025-03-30T13:24:34.052930,-0.92,0.38,10.89
2025-03-30T13:24:34.203852,-0.88,-0.0,11.06
2025-03-30T13:24:34.339767,0.59,0.13,11.29
2025-03-30T13:24:34.453386,-0.44,0.87,12.12
2025-03-30T13:24:34.572338,0.06,1.77,10.97
2025-03-30T13:24:34.714758,-0.17,0.86,9.81
2025-03-30T13:24:34.827442,0.35,1.52,7.58
2025-03-30T13:24:34.978755,0.94,2.6,5.68
2025-03-30T13:24:35.093871,1.3,2.14,5.15
2025-03-30T13:24:35.229627,0.04,2.04,6.38
2025-03-30T13:24:35.352259,-1.37,0.64,9.01
2025-03-30T13:24:35.481813,-0.93,-0.23,10.93
2025-03-30T13:24:35.611902,-1.43,0.26,11.1
2025-03-30T13:24:35.746328,-1.39,-1.89,11.2
2025-03-30T13:24:35.903632,-1.35,-0.74,11.39
2025-03-30T13:24:36.000074,-2.11,-1.36,11.39
2025-03-30T13:24:36.148164,-2.44,-1.2,10.03
2025-03-30T13:24:36.252158,-2.26,-1.13,9.71
2025-03-30T13:24:36.397280,-2.0,-0.62,10.1
2025-03-30T13:24:36.510620,-2.0,-0.44,11.28
2025-03-30T13:24:36.624925,-1.9,-0.32,12.04
2025-03-30T13:24:36.752649,-1.17,0.38,12.42
2025-03-30T13:24:36.879893,-0.52,1.56,12.38
2025-03-30T13:24:36.980300,-0.06,1.82,10.1
2025-03-30T13:24:37.096949,0.04,1.98,7.78
2025-03-30T13:24:37.218328,1.14,2.17,4.64
2025-03-30T13:24:37.338076,2.51,2.45,3.28
2025-03-30T13:24:37.472239,1.56,3.12,4.53
2025-03-30T13:24:37.593015,0.54,1.0,7.84
2025-03-30T13:24:37.718208,-1.27,0.25,10.3
2025-03-30T13:24:37.843751,-2.16,-0.82,11.91
2025-03-30T13:24:37.967213,-1.89,-1.35,12.02
2025-03-30T13:24:38.109882,-2.23,-1.04,11.75
2025-03-30T13:24:38.209016,-2.27,-1.55,10.57
2025-03-30T13:24:38.339459,-2.78,-1.19,10.04
2025-03-30T13:24:38.483612,-2.37,-0.93,10.03
2025-03-30T13:24:38.583866,-2.55,-1.0,9.48
2025-03-30T13:24:38.727048,-2.29,-0.48,11.0
2025-03-30T13:24:38.882285,-1.78,-0.51,11.64
2025-03-30T13:24:38.965892,-1.65,-0.24,12.49
2025-03-30T13:24:39.116114,-0.78,0.55,12.73
2025-03-30T13:24:39.250320,0.07,1.29,9.96
2025-03-30T13:24:39.360426,0.13,1.65,7.65
2025-03-30T13:24:39.482039,1.22,2.44,4.98
2025-03-30T13:24:39.608332,2.2,3.31,3.56
2025-03-30T13:24:39.733579,0.88,3.2,5.12
2025-03-30T13:24:39.877884,-0.4,1.24,8.24
2025-03-30T13:24:39.978803,-1.27,0.31,10.73
2025-03-30T13:24:40.126914,-1.76,-0.57,11.74
2025-03-30T13:24:40.246672,-1.82,-0.56,11.56
2025-03-30T13:24:40.369380,-2.18,-0.77,10.67
2025-03-30T13:24:40.497416,-2.1,-1.25,11.36
2025-03-30T13:24:40.632958,-2.64,-1.22,9.86
2025-03-30T13:24:40.746688,-2.41,-1.22,9.82
2025-03-30T13:24:40.873513,-2.5,-1.04,9.52
2025-03-30T13:24:40.991066,-2.31,-1.08,10.49
2025-03-30T13:24:41.124267,-2.24,-0.24,11.41
2025-03-30T13:24:41.245910,-1.62,-0.42,11.57
2025-03-30T13:24:41.374161,-1.31,0.5,13.07
2025-03-30T13:24:41.521175,-0.26,1.61,10.71
2025-03-30T13:24:41.661998,-0.13,1.88,8.65
2025-03-30T13:24:41.768211,0.52,2.42,5.32
2025-03-30T13:24:41.882925,2.55,2.83,3.36
2025-03-30T13:24:42.020954,1.43,3.31,4.13
2025-03-30T13:24:42.151729,-0.12,1.58,7.17
2025-03-30T13:24:42.265880,-1.3,0.14,10.11
2025-03-30T13:24:42.402990,-1.89,-0.31,11.61
2025-03-30T13:24:42.551576,-2.1,-0.06,11.91
2025-03-30T13:24:42.655752,-2.1,-1.33,11.66
2025-03-30T13:24:42.783079,-2.46,-1.13,10.66
2025-03-30T13:24:42.909852,-2.56,-1.36,9.92
2025-03-30T13:24:43.049772,-2.2,-1.0,10.11
2025-03-30T13:24:43.181284,-2.1,-0.69,10.23
2025-03-30T13:24:43.327814,-1.8,0.05,12.3
2025-03-30T13:24:43.447200,-1.77,-0.34,12.66
2025-03-30T13:24:43.563028,-0.74,1.62,12.78
2025-03-30T13:24:43.692632,-0.39,1.6,9.97
2025-03-30T13:24:43.833995,0.1,1.1,6.86
2025-03-30T13:24:43.948558,1.51,3.62,2.83
2025-03-30T13:24:44.119257,2.02,2.44,3.61
2025-03-30T13:24:44.210848,0.4,2.23,6.5
2025-03-30T13:24:44.337250,-1.45,0.25,9.47
2025-03-30T13:24:44.459539,-1.87,-0.48,12.13
2025-03-30T13:24:44.599412,-1.84,-1.44,12.57
2025-03-30T13:24:44.713014,-2.73,-0.84,11.51
2025-03-30T13:24:44.832824,-2.57,-1.39,10.14
2025-03-30T13:24:44.960618,-1.91,-1.5,10.45
2025-03-30T13:24:45.117455,-2.58,-1.23,10.29
2025-03-30T13:24:45.199988,-2.33,-0.81,10.48
2025-03-30T13:24:45.348866,-2.2,-0.13,11.05
2025-03-30T13:24:45.472523,-2.32,-0.25,12.29
2025-03-30T13:24:45.600301,-1.02,0.07,13.56
2025-03-30T13:24:45.741691,-0.41,1.47,11.31
2025-03-30T13:24:45.842483,0.26,1.85,8.59
2025-03-30T13:24:45.969652,0.55,2.36,4.44
2025-03-30T13:24:46.085065,1.45,3.23,2.23
2025-03-30T13:24:46.232090,1.11,3.03,4.78
2025-03-30T13:24:46.363228,-0.36,0.74,8.25
2025-03-30T13:24:46.483948,-2.11,-0.02,11.01
2025-03-30T13:24:46.616657,-1.72,-1.51,11.94
2025-03-30T13:24:46.746005,-1.79,-0.3,11.85
2025-03-30T13:24:46.898587,-2.96,-1.2,10.49
2025-03-30T13:24:47.012843,-2.19,-1.53,10.33
2025-03-30T13:24:47.132033,-2.43,-0.98,10.0
2025-03-30T13:24:47.256930,-2.23,-1.17,9.97
2025-03-30T13:24:47.390260,-2.56,-0.37,10.53
2025-03-30T13:24:47.547365,-1.85,-0.14,11.47
2025-03-30T13:24:47.663416,-1.83,-0.08,12.47
2025-03-30T13:24:47.782774,-1.25,1.63,12.64
2025-03-30T13:24:47.908434,-0.33,1.4,10.52
2025-03-30T13:24:48.053810,-0.57,0.94,7.65
2025-03-30T13:24:48.161115,0.99,2.3,3.61
2025-03-30T13:24:48.292366,0.94,3.24,2.5
2025-03-30T13:24:48.436297,0.24,1.98,6.04
2025-03-30T13:24:48.583882,-1.45,0.08,9.73
2025-03-30T13:24:48.678949,-1.41,-0.23,12.32
2025-03-30T13:24:48.808442,-1.9,-0.07,11.74
2025-03-30T13:24:48.929355,-2.1,-1.41,12.01
2025-03-30T13:24:49.078409,-2.35,-0.86,10.49
2025-03-30T13:24:49.234203,-2.17,-1.54,10.43
2025-03-30T13:24:49.318388,-2.71,-0.97,9.82
2025-03-30T13:24:49.467131,-2.19,-0.95,9.96
2025-03-30T13:24:49.585413,-2.28,-0.19,11.21
2025-03-30T13:24:49.712403,-2.02,0.53,11.82
2025-03-30T13:24:49.847504,-1.18,0.47,12.94
2025-03-30T13:24:49.982763,-0.94,2.24,11.47
2025-03-30T13:24:50.102622,-0.05,1.55,8.88
2025-03-30T13:24:50.225051,0.86,2.06,5.11
2025-03-30T13:24:50.352523,1.71,3.69,2.08
2025-03-30T13:24:50.502911,1.11,2.63,4.5
2025-03-30T13:24:50.615915,-0.83,1.23,7.99
2025-03-30T13:24:50.740948,-1.44,0.64,11.26
2025-03-30T13:24:50.879767,-2.13,0.49,11.72
2025-03-30T13:24:51.008541,-1.83,-1.03,12.47
2025-03-30T13:24:51.190899,-2.79,-0.42,10.8
2025-03-30T13:24:51.286905,-2.3,-1.09,10.2
2025-03-30T13:24:51.418300,-2.09,-1.02,10.21
2025-03-30T13:24:51.532502,-2.24,-1.2,9.55
2025-03-30T13:24:51.669273,-2.09,-0.6,10.45
2025-03-30T13:24:51.789908,-1.65,-0.46,11.67
2025-03-30T13:24:51.936505,-2.05,0.41,11.81
2025-03-30T13:24:52.046652,-1.39,0.53,13.43
2025-03-30T13:24:52.176663,-0.85,1.82,11.4
2025-03-30T13:24:52.309625,0.67,2.08,8.74
2025-03-30T13:24:52.459971,1.03,3.2,5.27
2025-03-30T13:24:52.579060,1.1,2.05,2.33
2025-03-30T13:24:52.699141,1.48,2.18,4.77
2025-03-30T13:24:52.827613,-1.45,0.94,7.52
2025-03-30T13:24:52.953866,-1.41,0.91,11.26
2025-03-30T13:24:53.089127,-1.74,0.53,12.54
2025-03-30T13:24:53.212877,-2.43,-0.39,11.86
2025-03-30T13:24:53.343837,-1.95,-0.92,11.65
2025-03-30T13:24:53.467709,-2.6,-1.04,10.75
2025-03-30T13:24:53.599202,-2.15,-0.84,9.77
2025-03-30T13:24:53.731400,-2.15,-0.91,9.82
2025-03-30T13:24:53.871950,-2.36,-0.35,10.21
2025-03-30T13:24:54.013617,-2.2,0.27,11.24
2025-03-30T13:24:54.109356,-1.39,0.17,12.23
2025-03-30T13:24:54.253191,-1.34,1.41,12.96
2025-03-30T13:24:54.382067,-0.57,1.49,10.97
2025-03-30T13:24:54.517753,-0.11,1.86,8.57
2025-03-30T13:24:54.638990,-0.54,2.41,4.68
2025-03-30T13:24:54.783171,1.64,2.78,2.66
2025-03-30T13:24:54.891515,0.07,2.69,4.61
2025-03-30T13:24:55.031205,-0.97,0.23,8.03
2025-03-30T13:24:55.154014,-1.54,0.88,11.26
2025-03-30T13:24:55.304469,-1.88,0.02,12.54
2025-03-30T13:24:55.421575,-2.76,-0.44,12.38
2025-03-30T13:24:55.543508,-2.39,-0.84,10.78
2025-03-30T13:24:55.677323,-2.16,-1.02,10.83
2025-03-30T13:24:56.201269,-2.24,-0.62,9.75
2025-03-30T13:24:56.320900,-1.71,-1.04,9.78
2025-03-30T13:24:56.328133,-2.03,-0.6,9.74
2025-03-30T13:24:56.346041,-1.71,-0.81,9.71
2025-03-30T13:24:56.353088,-1.84,-0.53,9.49
2025-03-30T13:24:56.459079,-1.72,-0.36,9.36
2025-03-30T13:24:56.589880,-1.87,-0.54,9.71
2025-03-30T13:24:56.723709,-1.91,-0.23,8.81
2025-03-30T13:24:56.850636,-1.24,0.24,6.31
2025-03-30T13:24:56.977379,-2.31,0.1,8.44
2025-03-30T13:24:57.113261,-1.3,0.24,8.76
2025-03-30T13:24:57.243097,-1.09,0.53,11.09
2025-03-30T13:24:57.379268,-2.03,0.71,10.98
2025-03-30T13:24:57.506650,-1.13,0.52,11.13
2025-03-30T13:24:57.641658,-2.17,0.57,10.62
2025-03-30T13:24:57.768968,-0.79,0.5,10.44
2025-03-30T13:24:57.896423,-1.41,0.33,10.25
2025-03-30T13:24:58.024261,-1.23,0.25,9.88
2025-03-30T13:24:58.144221,-1.36,1.15,8.49
2025-03-30T13:24:58.271740,-0.07,0.39,10.08
2025-03-30T13:24:58.382986,-0.96,0.03,9.76
2025-03-30T13:24:58.519259,-1.78,-2.58,10.14
2025-03-30T13:24:58.637742,-2.0,0.2,9.07
2025-03-30T13:24:58.760220,-0.02,-1.19,10.02
2025-03-30T13:24:58.886665,-0.54,-0.89,9.91
2025-03-30T13:24:59.013680,-0.65,-0.79,9.92
2025-03-30T13:24:59.130781,-0.75,-0.6,9.87
2025-03-30T13:24:59.259861,-0.83,-0.56,9.82
2025-03-30T13:24:59.379759,-0.81,-0.6,9.84
2025-03-30T13:24:59.507030,-0.79,-0.6,9.83
2025-03-30T13:24:59.642172,-0.81,-0.59,9.82
2025-03-30T13:24:59.761718,-0.8,-0.6,9.83
2025-03-30T13:24:59.882405,-0.81,-0.59,9.82
2025-03-30T13:25:00.013360,-0.81,-0.6,9.84
2025-03-30T13:25:00.133596,-0.81,-0.6,9.82
2025-03-30T13:25:00.253792,-0.81,-0.59,9.83
2025-03-30T13:25:00.387345,-0.81,-0.6,9.84
2025-03-30T13:25:00.543285,-0.81,-0.6,9.84
2025-03-30T13:25:00.652103,-0.8,-0.6,9.83
2025-03-30T13:25:00.767225,-0.81,-0.59,9.84
2025-03-30T13:25:00.896391,-0.81,-0.59,9.83
2025-03-30T13:25:01.031604,-0.81,-0.59,9.82
2025-03-30T13:25:01.164008,-0.82,-0.59,9.84
2025-03-30T13:25:01.281810,-0.81,-0.58,9.84
2025-03-30T13:25:01.414666,-0.81,-0.6,9.83
2025-03-30T13:25:01.546552,-0.81,-0.6,9.84
2025-03-30T13:25:01.662554,-0.81,-0.6,9.84
2025-03-30T13:25:01.788564,-0.81,-0.59,9.84
2025-03-30T13:25:01.921618,-0.81,-0.59,9.82
2025-03-30T13:25:02.054994,-0.81,-0.59,9.84
2025-03-30T13:25:02.181369,-0.81,-0.6,9.82
2025-03-30T13:25:02.297612,-0.82,-0.6,9.83
2025-03-30T13:25:02.407362,-0.82,-0.59,9.83
2025-03-30T13:25:02.532902,-0.81,-0.6,9.83
2025-03-30T13:25:02.658421,-0.81,-0.6,9.83
2025-03-30T13:25:02.806910,-0.81,-0.61,9.84
2025-03-30T13:25:02.912530,-0.83,-0.6,9.83
2025-03-30T13:25:03.061749,-0.82,-0.59,9.83
2025-03-30T13:25:03.180735,-0.81,-0.6,9.83
2025-03-30T13:25:03.317858,-0.82,-0.6,9.83
2025-03-30T13:25:03.430078,-0.82,-0.6,9.85
2025-03-30T13:25:03.564231,-0.82,-0.6,9.83
2025-03-30T13:25:03.686934,-0.82,-0.59,9.83
2025-03-30T13:25:03.822067,-0.81,-0.59,9.84
2025-03-30T13:25:03.941765,-0.82,-0.6,9.84
2025-03-30T13:25:04.098128,-0.82,-0.59,9.84
2025-03-30T13:25:04.212412,-0.82,-0.59,9.84
2025-03-30T13:25:04.334533,-0.82,-0.59,9.83
2025-03-30T13:25:04.466192,-0.81,-0.59,9.83
2025-03-30T13:25:04.596194,-0.83,-0.59,9.84
2025-03-30T13:25:04.747788,-0.83,-0.61,9.83
2025-03-30T13:25:04.870518,-0.82,-0.59,9.83
2025-03-30T13:25:05.006912,-0.82,-0.59,9.83
2025-03-30T13:25:05.121751,-0.82,-0.59,9.83
2025-03-30T13:25:05.254939,-0.83,-0.6,9.85
2025-03-30T13:25:05.382598,-0.82,-0.59,9.82
2025-03-30T13:25:05.514219,-0.82,-0.59,9.82
2025-03-30T13:25:05.642026,-0.82,-0.6,9.83
2025-03-30T13:25:05.769819,-0.81,-0.6,9.82
2025-03-30T13:25:05.886341,-0.82,-0.6,9.81
2025-03-30T13:25:06.013894,-0.82,-0.6,9.83
2025-03-30T13:25:06.141438,-0.83,-0.59,9.83
2025-03-30T13:25:06.260847,-0.82,-0.6,9.83
2025-03-30T13:25:06.388138,-0.82,-0.6,9.84
2025-03-30T13:25:06.515483,-0.82,-0.6,9.82
2025-03-30T13:25:06.649862,-0.83,-0.6,9.83
2025-03-30T13:25:06.772154,-0.82,-0.59,9.83
2025-03-30T13:25:06.906673,-0.83,-0.59,9.83
2025-03-30T13:25:07.025689,-0.83,-0.6,9.83
2025-03-30T13:25:07.166871,-0.83,-0.59,9.83
2025-03-30T13:25:07.281202,-0.83,-0.59,9.83
2025-03-30T13:25:07.422398,-0.82,-0.59,9.82
2025-03-30T13:25:07.555732,-0.83,-0.59,9.82
2025-03-30T13:25:07.670023,-0.81,-0.59,9.84
2025-03-30T13:25:07.801836,-0.84,-0.6,9.83
2025-03-30T13:25:07.940807,-0.83,-0.59,9.83
2025-03-30T13:25:08.072729,-0.83,-0.59,9.84
2025-03-30T13:25:08.181652,-0.83,-0.6,9.83
2025-03-30T13:25:08.317247,-0.83,-0.59,9.83
2025-03-30T13:25:08.443034,-0.83,-0.6,9.82
2025-03-30T13:25:08.582924,-0.84,-0.6,9.83
2025-03-30T13:25:08.705901,-0.82,-0.58,9.82
2025-03-30T13:25:08.848845,-0.83,-0.59,9.84
2025-03-30T13:25:08.961602,-0.84,-0.6,9.83
2025-03-30T13:25:09.105478,-0.83,-0.6,9.83
2025-03-30T13:25:09.205535,-0.83,-0.6,9.85
2025-03-30T13:25:09.334747,-0.82,-0.6,9.83
2025-03-30T13:25:09.472626,-0.83,-0.59,9.82
2025-03-30T13:25:09.598338,-0.83,-0.6,9.83
2025-03-30T13:25:09.715117,-0.82,-0.59,9.84
2025-03-30T13:25:09.858227,-0.82,-0.59,9.83
2025-03-30T13:25:09.982218,-0.84,-0.6,9.83
2025-03-30T13:25:10.105584,-0.83,-0.6,9.83
2025-03-30T13:25:10.240570,-0.83,-0.59,9.83
2025-03-30T13:25:10.375779,-0.83,-0.6,9.83
2025-03-30T13:25:10.504460,-0.83,-0.59,9.83
2025-03-30T13:25:10.645146,-0.83,-0.6,9.84
2025-03-30T13:25:10.756942,-0.84,-0.59,9.84
2025-03-30T13:25:10.891473,-0.82,-0.6,9.83
2025-03-30T13:25:11.008116,-0.83,-0.59,9.83
2025-03-30T13:25:11.160326,-0.84,-0.59,9.83
2025-03-30T13:25:11.274675,-0.84,-0.59,9.83
2025-03-30T13:25:11.397288,-0.83,-0.6,9.83
2025-03-30T13:25:11.524007,-0.84,-0.59,9.83
2025-03-30T13:25:11.654620,-0.83,-0.58,9.82
2025-03-30T13:25:11.802541,-0.83,-0.6,9.82
2025-03-30T13:25:11.927732,-0.83,-0.59,9.83
2025-03-30T13:25:12.062864,-0.83,-0.6,9.83
2025-03-30T13:25:12.179834,-0.83,-0.6,9.83
2025-03-30T13:25:12.325923,-0.84,-0.59,9.82
2025-03-30T13:25:12.452091,-0.84,-0.6,9.83
2025-03-30T13:25:12.567259,-0.83,-0.6,9.81
2025-03-30T13:25:12.701661,-0.84,-0.6,9.83
2025-03-30T13:25:12.835314,-0.83,-0.6,9.82
2025-03-30T13:25:12.949857,-0.83,-0.6,9.82
2025-03-30T13:25:13.084078,-0.83,-0.6,9.82
2025-03-30T13:25:13.218621,-0.84,-0.6,9.84
2025-03-30T13:25:13.350003,-0.83,-0.6,9.83
2025-03-30T13:25:13.466087,-0.84,-0.6,9.83
2025-03-30T13:25:13.595286,-0.84,-0.6,9.83
2025-03-30T13:25:13.731548,-0.84,-0.6,9.83
2025-03-30T13:25:13.868168,-0.84,-0.59,9.83
2025-03-30T13:25:13.989735,-0.83,-0.59,9.83
2025-03-30T13:25:14.113856,-0.83,-0.6,9.83
2025-03-30T13:25:14.257388,-0.84,-0.6,9.82
2025-03-30T13:25:14.367897,-0.84,-0.59,9.83
2025-03-30T13:25:14.511696,-0.84,-0.59,9.84
2025-03-30T13:25:14.644384,-0.85,-0.6,9.83
2025-03-30T13:25:14.767685,-0.83,-0.6,9.82
2025-03-30T13:25:14.886079,-0.83,-0.59,9.82
2025-03-30T13:25:15.023226,-0.84,-0.6,9.83
2025-03-30T13:25:15.155123,-0.85,-0.6,9.83
2025-03-30T13:25:15.274642,-0.83,-0.59,9.83
2025-03-30T13:25:15.419163,-0.84,-0.6,9.83
2025-03-30T13:25:15.563688,-0.85,-0.59,9.82
2025-03-30T13:25:15.665303,-0.84,-0.6,9.83
2025-03-30T13:25:15.810882,-0.83,-0.6,9.82
2025-03-30T13:25:15.935122,-0.83,-0.61,9.84
2025-03-30T13:25:16.069546,-0.84,-0.6,9.83
2025-03-30T13:25:16.196145,-0.84,-0.6,9.84
2025-03-30T13:25:16.317044,-0.97,-0.63,9.88
2025-03-30T13:25:16.452491,-0.89,-0.7,9.87
2025-03-30T13:25:16.590013,-0.82,-0.53,9.64
2025-03-30T13:25:16.715836,2.17,-2.78,13.25
2025-03-30T13:25:16.843579,-4.79,-2.34,10.77
2025-03-30T13:25:16.993322,0.12,-1.38,13.12
2025-03-30T13:25:17.124760,-1.92,-0.82,12.02
2025-03-30T13:25:17.237194,-1.4,-0.95,9.81
2025-03-30T13:25:17.377885,-0.61,-0.74,6.57
2025-03-30T13:25:17.486790,-0.99,-0.43,5.69
2025-03-30T13:25:17.639697,-1.99,-0.7,7.69
2025-03-30T13:25:17.759947,-1.37,-1.35,10.53
2025-03-30T13:25:17.873222,-2.12,-0.91,9.02
2025-03-30T13:25:18.005040,-1.2,-0.02,9.98
2025-03-30T13:25:18.127303,-1.8,-0.54,11.46
2025-03-30T13:25:18.244250,-0.81,0.72,11.86
2025-03-30T13:25:18.375258,-0.51,0.18,13.25
2025-03-30T13:25:18.485953,-0.24,2.01,12.55
2025-03-30T13:25:18.617322,0.0,2.2,10.69
2025-03-30T13:25:18.761958,-0.04,1.94,7.02
2025-03-30T13:25:18.890724,1.14,2.46,3.39
2025-03-30T13:25:18.983199,1.82,2.77,2.42
2025-03-30T13:25:19.109032,1.09,2.6,4.87
2025-03-30T13:25:19.243006,-1.29,0.77,8.31
2025-03-30T13:25:19.390528,-2.43,-0.41,10.89
2025-03-30T13:25:19.511004,-2.71,-0.34,11.73
2025-03-30T13:25:19.624018,-2.07,-1.51,12.52
2025-03-30T13:25:19.743594,-2.71,-1.42,11.74
2025-03-30T13:25:19.873911,-3.4,-1.09,10.35
2025-03-30T13:25:19.990315,-1.98,-0.87,9.81
2025-03-30T13:25:20.113420,-2.5,-0.28,10.4
2025-03-30T13:25:20.237559,-2.3,-0.01,11.34
2025-03-30T13:25:20.380950,-2.08,0.31,12.51
2025-03-30T13:25:20.502962,-1.55,1.38,13.77
2025-03-30T13:25:20.628562,-0.64,2.74,11.11
2025-03-30T13:25:20.736261,0.14,1.97,7.36
2025-03-30T13:25:20.863778,1.14,1.93,3.49
2025-03-30T13:25:20.998025,1.65,3.63,2.35
2025-03-30T13:25:21.137572,0.79,2.98,4.68
2025-03-30T13:25:21.261813,-0.95,0.74,8.47
2025-03-30T13:25:21.425008,-2.31,-0.39,11.38
2025-03-30T13:25:21.524872,-2.46,0.08,12.16
2025-03-30T13:25:21.647322,-2.07,-1.56,11.94
2025-03-30T13:25:21.799588,-2.36,-1.41,11.76
2025-03-30T13:25:21.911019,-2.83,-1.33,10.44
2025-03-30T13:25:22.031899,-2.39,-1.16,9.95
2025-03-30T13:25:22.160457,-2.29,-0.99,9.5
2025-03-30T13:25:22.307634,-2.18,-0.53,11.14
2025-03-30T13:25:22.446542,-2.11,0.11,11.57
2025-03-30T13:25:22.578011,-1.41,0.08,13.52
2025-03-30T13:25:22.678932,-1.63,2.14,12.83
2025-03-30T13:25:22.824903,0.36,2.48,9.87
2025-03-30T13:25:22.956482,-0.07,1.44,6.27
2025-03-30T13:25:23.063667,1.28,2.91,2.3
2025-03-30T13:25:23.193014,1.38,2.74,2.88
2025-03-30T13:25:23.317749,0.03,2.65,6.25
2025-03-30T13:25:23.444111,-1.48,-0.3,10.29
2025-03-30T13:25:23.563546,-2.09,0.07,11.33
2025-03-30T13:25:23.691449,-1.72,-0.11,12.29
2025-03-30T13:25:23.847526,-2.92,-0.44,11.49
2025-03-30T13:25:23.953860,-2.25,-2.04,11.64
2025-03-30T13:25:24.091778,-2.26,-1.05,10.45
2025-03-30T13:25:24.227735,-2.53,-1.15,9.61
2025-03-30T13:25:24.345147,-2.34,-0.63,10.27
2025-03-30T13:25:24.456077,-2.13,0.2,11.4
2025-03-30T13:25:24.576181,-1.79,0.4,11.83
2025-03-30T13:25:24.717770,-1.54,0.67,13.8
2025-03-30T13:25:24.833816,-1.14,1.98,12.24
2025-03-30T13:25:24.961487,0.22,2.44,9.01
2025-03-30T13:25:25.086577,0.03,2.4,4.37
2025-03-30T13:25:25.225734,1.76,3.4,1.84
2025-03-30T13:25:25.345214,1.3,2.97,3.75
2025-03-30T13:25:25.472569,-0.79,1.55,7.26
2025-03-30T13:25:25.594587,-2.47,-0.17,10.69
2025-03-30T13:25:25.723963,-1.68,-0.64,12.71
2025-03-30T13:25:25.859869,-2.26,-1.44,13.0
2025-03-30T13:25:25.993665,-2.34,-1.1,11.69
2025-03-30T13:25:26.114661,-2.71,-0.88,10.2
2025-03-30T13:25:26.278674,-2.26,-0.78,10.02
2025-03-30T13:25:26.391863,-2.37,-0.83,9.79
2025-03-30T13:25:26.513180,-2.06,-0.21,11.3
2025-03-30T13:25:26.632489,-1.99,0.52,11.4
2025-03-30T13:25:26.763747,-1.43,0.42,13.47
2025-03-30T13:25:26.932426,-1.3,1.98,12.21
2025-03-30T13:25:27.021304,0.03,2.23,10.02
2025-03-30T13:25:27.147083,-0.99,1.31,6.16
2025-03-30T13:25:27.316369,1.29,2.7,2.39
2025-03-30T13:25:27.432786,1.42,2.57,3.37
2025-03-30T13:25:27.540864,-0.71,2.71,6.51
2025-03-30T13:25:27.696224,-2.16,0.58,9.66
2025-03-30T13:25:27.803168,-1.46,0.4,11.78
2025-03-30T13:25:27.946010,-2.28,-0.56,12.91
2025-03-30T13:25:28.066703,-2.39,-1.12,11.8
2025-03-30T13:25:28.182397,-2.23,-1.28,10.73
2025-03-30T13:25:28.336687,-2.67,-1.18,10.25
2025-03-30T13:25:28.439956,-2.35,-0.74,9.97
2025-03-30T13:25:28.567189,-2.03,-0.43,10.35
2025-03-30T13:25:28.709477,-2.22,0.5,11.85
2025-03-30T13:25:28.829994,-1.61,0.48,12.02
2025-03-30T13:25:28.992618,-1.75,0.98,13.17
2025-03-30T13:25:29.084228,-0.34,2.06,11.55
2025-03-30T13:25:29.208947,-0.57,1.42,8.32
2025-03-30T13:25:29.330763,0.46,2.54,4.99
2025-03-30T13:25:29.458866,1.49,3.56,2.12
2025-03-30T13:25:29.593175,0.34,3.69,4.44
2025-03-30T13:25:29.728964,-0.81,0.46,8.32
2025-03-30T13:25:29.849511,-1.75,0.96,11.27
2025-03-30T13:25:29.994964,-1.73,0.56,11.87
2025-03-30T13:25:30.104956,-2.45,-0.74,12.24
2025-03-30T13:25:30.247263,-2.02,-0.54,11.86
2025-03-30T13:25:30.366285,-2.27,-0.99,10.63
2025-03-30T13:25:30.497666,-2.37,-0.64,9.96
2025-03-30T13:25:30.649217,-1.95,-0.77,9.85
2025-03-30T13:25:30.764678,-2.07,0.11,10.63
2025-03-30T13:25:30.910783,-2.19,0.58,11.29
2025-03-30T13:25:31.336820,-0.62,0.64,12.55
2025-03-30T13:25:31.340133,-1.38,1.99,12.69
2025-03-30T13:25:31.345639,-0.56,2.28,10.59
2025-03-30T13:25:31.409759,-0.79,1.96,7.72
2025-03-30T13:25:31.527779,1.75,2.59,5.57
2025-03-30T13:25:31.655851,1.1,3.3,2.14
2025-03-30T13:25:31.783014,0.46,2.02,5.27
2025-03-30T13:25:31.910369,-2.03,0.48,8.63
2025-03-30T13:25:32.046175,-0.91,1.3,11.25
2025-03-30T13:25:32.172526,-2.11,0.49,12.22
2025-03-30T13:25:32.301428,-2.53,0.06,11.44
2025-03-30T13:25:32.432212,-1.76,-0.74,11.23
2025-03-30T13:25:32.566815,-2.08,-0.39,10.57
2025-03-30T13:25:32.704044,-2.07,-0.73,10.08
2025-03-30T13:25:32.820661,-1.86,-0.34,10.37
2025-03-30T13:25:32.948150,-2.11,0.42,11.75
2025-03-30T13:25:33.075691,-2.08,0.31,12.48
2025-03-30T13:25:33.210737,-1.41,1.72,13.07
2025-03-30T13:25:33.327448,-1.08,2.09,11.29
2025-03-30T13:25:33.464317,0.08,2.49,9.05
2025-03-30T13:25:33.589487,-0.13,3.5,4.13
2025-03-30T13:25:33.723660,1.34,3.01,1.84
2025-03-30T13:25:33.855307,0.38,2.88,4.4
2025-03-30T13:25:33.991432,-1.14,0.01,8.93
2025-03-30T13:25:34.106778,-1.48,1.32,11.52
2025-03-30T13:25:34.241057,-1.75,1.09,11.81
2025-03-30T13:25:34.373280,-2.49,-0.48,11.9
2025-03-30T13:25:34.508597,-2.42,-0.27,11.2
2025-03-30T13:25:34.635759,-1.91,-0.66,10.72
2025-03-30T13:25:34.771001,-2.01,-0.49,10.14
2025-03-30T13:25:34.898323,-2.05,-0.29,10.41
2025-03-30T13:25:35.033462,-2.36,0.69,11.19
2025-03-30T13:25:35.153416,-1.12,0.91,12.75
2025-03-30T13:25:35.288484,-1.77,1.97,12.66
2025-03-30T13:25:35.416082,-0.91,2.33,11.09
2025-03-30T13:25:35.543385,-0.63,1.66,8.53
2025-03-30T13:25:35.678371,-0.57,3.0,4.87
2025-03-30T13:25:35.805813,1.89,3.68,2.44
2025-03-30T13:25:35.933939,0.41,2.64,3.96
2025-03-30T13:25:36.057894,-1.38,0.9,7.63
2025-03-30T13:25:36.187682,-0.83,1.29,11.25
2025-03-30T13:25:36.323424,-2.68,1.13,12.38
2025-03-30T13:25:36.465303,-1.84,-0.03,11.9
2025-03-30T13:25:36.585362,-2.25,-0.81,11.46
2025-03-30T13:25:36.720581,-1.95,-0.9,10.65
2025-03-30T13:25:36.848387,-1.94,-0.49,9.66
2025-03-30T13:25:36.984139,-1.97,-0.65,10.38
2025-03-30T13:25:37.117800,-1.94,0.45,10.72
2025-03-30T13:25:37.248636,-1.49,0.74,11.86
2025-03-30T13:25:37.373189,-0.99,1.24,13.2
2025-03-30T13:25:37.508269,-0.9,2.7,11.59
2025-03-30T13:25:37.643304,0.11,2.68,9.88
2025-03-30T13:25:37.770420,-1.13,2.04,6.46
2025-03-30T13:25:37.898227,0.26,2.35,3.37
2025-03-30T13:25:38.032835,0.92,3.72,2.44
2025-03-30T13:25:38.152896,-0.94,2.91,5.8
2025-03-30T13:25:38.281573,-2.15,0.55,9.79
2025-03-30T13:25:38.410211,-0.49,2.51,11.98
2025-03-30T13:25:38.543459,-2.3,0.67,11.42
2025-03-30T13:25:38.671411,-1.81,-0.4,11.11
2025-03-30T13:25:38.797883,-1.97,-0.26,12.33
2025-03-30T13:25:38.925414,-2.29,0.26,10.19
2025-03-30T13:25:39.053293,-0.97,-0.27,9.79
2025-03-30T13:25:39.180650,-1.45,-0.73,9.94
2025-03-30T13:25:39.308515,-1.7,0.12,9.44
2025-03-30T13:25:39.435996,-1.23,0.11,7.3
2025-03-30T13:25:39.555870,-1.62,0.34,6.11
2025-03-30T13:25:39.683807,-1.29,0.29,8.68
2025-03-30T13:25:39.810264,-1.41,0.18,10.09
2025-03-30T13:25:39.930368,-1.5,0.6,11.09
2025-03-30T13:25:40.058192,-1.85,0.6,11.11
2025-03-30T13:25:40.185480,-1.83,0.73,11.56
2025-03-30T13:25:40.305777,-1.77,0.65,10.78
2025-03-30T13:25:40.425343,-1.69,0.85,10.08
2025-03-30T13:25:40.553380,-1.43,0.52,9.79
2025-03-30T13:25:40.665375,-0.71,0.6,5.93
2025-03-30T13:25:40.800518,0.39,1.28,9.87
2025-03-30T13:25:40.928323,-2.3,-0.69,12.2
2025-03-30T13:25:41.055941,-0.86,3.07,9.54
2025-03-30T13:25:41.182645,1.0,-0.52,12.02
2025-03-30T13:25:41.318064,0.28,-1.35,11.54
2025-03-30T13:25:41.437790,-0.31,-0.28,10.89
2025-03-30T13:25:41.576216,-1.01,-0.24,9.88
2025-03-30T13:25:41.701301,-0.82,-0.67,9.83
2025-03-30T13:25:41.821139,-0.85,-0.55,9.85
2025-03-30T13:25:41.946299,-0.86,-0.5,9.9
2025-03-30T13:25:42.076159,-0.88,-0.59,9.81
2025-03-30T13:25:42.202638,-0.85,-0.57,9.84
2025-03-30T13:25:42.330260,-0.85,-0.57,9.83
2025-03-30T13:25:42.458882,-0.85,-0.56,9.83
2025-03-30T13:25:42.579131,-0.86,-0.56,9.83
2025-03-30T13:25:42.700017,-0.85,-0.57,9.83
2025-03-30T13:25:42.833121,-0.85,-0.56,9.83
2025-03-30T13:25:42.960560,-0.86,-0.56,9.82
2025-03-30T13:25:43.096008,-0.86,-0.57,9.83
2025-03-30T13:25:43.223414,-0.86,-0.57,9.82
2025-03-30T13:25:43.357967,-0.85,-0.57,9.82
2025-03-30T13:25:43.480007,-0.86,-0.56,9.82
2025-03-30T13:25:43.613073,-0.86,-0.57,9.82
2025-03-30T13:25:43.740477,-0.87,-0.57,9.84
2025-03-30T13:25:43.868386,-0.86,-0.57,9.82
2025-03-30T13:25:43.995921,-0.87,-0.57,9.83
2025-03-30T13:25:44.123134,-0.86,-0.57,9.83
2025-03-30T13:25:44.250413,-0.87,-0.58,9.83
2025-03-30T13:25:44.377975,-0.86,-0.57,9.82
2025-03-30T13:25:44.505622,-0.86,-0.57,9.83
2025-03-30T13:25:44.626285,-0.87,-0.57,9.84
2025-03-30T13:25:44.760632,-0.86,-0.57,9.82
2025-03-30T13:25:44.881010,-0.86,-0.56,9.82
2025-03-30T13:25:45.016676,-0.86,-0.58,9.82
2025-03-30T13:25:45.143211,-0.86,-0.57,9.84
2025-03-30T13:25:45.270997,-0.87,-0.58,9.82
2025-03-30T13:25:45.405646,-0.9,-0.56,9.83
2025-03-30T13:25:45.525528,-0.85,-0.59,9.84
2025-03-30T13:25:45.660863,-0.88,-0.57,9.83
2025-03-30T13:25:45.789318,-0.86,-0.58,9.84
2025-03-30T13:25:45.923049,-0.86,-0.56,9.83
2025-03-30T13:25:46.051359,-0.87,-0.57,9.82
2025-03-30T13:25:46.177873,-0.87,-0.57,9.83
2025-03-30T13:25:46.305733,-0.87,-0.57,9.83
2025-03-30T13:25:46.425394,-0.87,-0.58,9.83
2025-03-30T13:25:46.560779,-0.86,-0.57,9.84
2025-03-30T13:25:46.688463,-0.86,-0.56,9.83
2025-03-30T13:25:46.827681,-0.87,-0.57,9.83
2025-03-30T13:25:47.006963,-0.87,-0.57,9.81
2025-03-30T13:25:47.068809,-0.87,-0.56,9.83
2025-03-30T13:25:47.201220,-0.87,-0.57,9.82
2025-03-30T13:25:47.348674,-0.87,-0.56,9.83
2025-03-30T13:25:47.465564,-0.87,-0.56,9.82
2025-03-30T13:25:47.583050,-0.87,-0.57,9.82
2025-03-30T13:25:47.717252,-0.87,-0.57,9.82
2025-03-30T13:25:47.843388,-0.87,-0.57,9.81
2025-03-30T13:25:47.975377,-0.87,-0.57,9.83
2025-03-30T13:25:48.119288,-0.88,-0.57,9.82
2025-03-30T13:25:48.230772,-0.87,-0.57,9.83
2025-03-30T13:25:48.358340,-0.88,-0.58,9.82
2025-03-30T13:25:48.503864,-0.86,-0.56,9.83
2025-03-30T13:25:48.625754,-0.88,-0.58,9.82
2025-03-30T13:25:48.773351,-0.88,-0.57,9.82
2025-03-30T13:25:48.876098,-0.87,-0.57,9.83
2025-03-30T13:25:49.007192,-0.87,-0.57,9.83
2025-03-30T13:25:49.131076,-0.88,-0.57,9.83
2025-03-30T13:25:49.252667,-0.87,-0.57,9.82
2025-03-30T13:25:49.391622,-0.88,-0.56,9.82
2025-03-30T13:25:49.524673,-0.88,-0.57,9.81
2025-03-30T13:25:49.626204,-0.87,-0.57,9.83
2025-03-30T13:25:49.775561,-0.88,-0.57,9.83
2025-03-30T13:25:49.881547,-0.88,-0.57,9.83
2025-03-30T13:25:50.017825,-0.88,-0.57,9.84
2025-03-30T13:25:50.144078,-0.88,-0.58,9.82
2025-03-30T13:25:50.274284,-0.88,-0.57,9.84
2025-03-30T13:25:50.400714,-0.88,-0.57,9.82
2025-03-30T13:25:50.541183,-0.88,-0.59,9.82
2025-03-30T13:25:50.693113,-0.88,-0.58,9.83
2025-03-30T13:25:50.788428,-0.88,-0.57,9.82
2025-03-30T13:25:50.925160,-0.88,-0.57,9.82
2025-03-30T13:25:51.052179,-0.89,-0.57,9.83
2025-03-30T13:25:51.176355,-0.88,-0.57,9.83
2025-03-30T13:25:51.311302,-0.88,-0.57,9.81
2025-03-30T13:25:51.440749,-0.88,-0.58,9.83
2025-03-30T13:25:51.559497,-0.88,-0.57,9.83
2025-03-30T13:25:51.702201,-0.88,-0.57,9.82
2025-03-30T13:25:51.819427,-0.88,-0.58,9.85
2025-03-30T13:25:51.955782,-0.89,-0.57,9.83
2025-03-30T13:25:52.091048,-0.88,-0.57,9.84
2025-03-30T13:25:52.198719,-0.89,-0.56,9.83
2025-03-30T13:25:52.341371,-0.88,-0.58,9.82
2025-03-30T13:25:52.473243,-0.88,-0.57,9.84
2025-03-30T13:25:52.591264,-0.88,-0.57,9.83
2025-03-30T13:25:52.722810,-0.89,-0.59,9.83
2025-03-30T13:25:52.857433,-0.89,-0.58,9.85
2025-03-30T13:25:52.978566,-0.89,-0.57,9.83
2025-03-30T13:25:53.107389,-0.88,-0.57,9.83
2025-03-30T13:25:53.250020,-0.88,-0.57,9.82
2025-03-30T13:25:53.372789,-0.89,-0.57,9.83
2025-03-30T13:25:53.499663,-0.88,-0.58,9.83
2025-03-30T13:25:53.637718,-0.89,-0.57,9.84
2025-03-30T13:25:53.766844,-0.89,-0.56,9.83
2025-03-30T13:25:53.886929,-0.88,-0.57,9.82
2025-03-30T13:25:54.019572,-0.89,-0.57,9.82
2025-03-30T13:25:54.151487,-0.88,-0.57,9.82
2025-03-30T13:25:54.275668,-0.88,-0.57,9.81
2025-03-30T13:25:54.419460,-0.88,-0.58,9.82
2025-03-30T13:25:54.539526,-0.88,-0.57,9.82
2025-03-30T13:25:54.659504,-0.89,-0.57,9.82
2025-03-30T13:25:54.801434,-0.89,-0.58,9.83
2025-03-30T13:25:54.913643,-0.89,-0.57,9.82
2025-03-30T13:25:55.041162,-0.89,-0.57,9.82
2025-03-30T13:25:55.176869,-0.88,-0.57,9.83
2025-03-30T13:25:55.325801,-0.89,-0.56,9.83
2025-03-30T13:25:55.438284,-0.9,-0.58,9.83
2025-03-30T13:25:55.565533,-0.88,-0.57,9.81
2025-03-30T13:25:55.702559,-0.89,-0.56,9.82
2025-03-30T13:25:55.834731,-0.9,-0.56,9.82
2025-03-30T13:25:55.956868,-0.89,-0.57,9.83
2025-03-30T13:25:56.102505,-0.9,-0.58,9.82
2025-03-30T13:25:56.210942,-0.89,-0.57,9.84
2025-03-30T13:25:56.340636,-0.89,-0.58,9.82
2025-03-30T13:25:56.466520,-0.89,-0.57,9.82
2025-03-30T13:25:56.608848,-0.9,-0.57,9.83
2025-03-30T13:25:56.726931,-0.89,-0.58,9.82
2025-03-30T13:25:56.867870,-0.89,-0.58,9.82
2025-03-30T13:25:56.991155,-0.89,-0.58,9.83
2025-03-30T13:25:57.132599,-0.89,-0.57,9.83
2025-03-30T13:25:57.255032,-0.89,-0.57,9.83
2025-03-30T13:25:57.400656,-0.89,-0.57,9.83
2025-03-30T13:25:57.517068,-0.9,-0.58,9.83
2025-03-30T13:25:57.648719,-0.89,-0.58,9.82
2025-03-30T13:25:57.782119,-0.9,-0.57,9.81
2025-03-30T13:25:57.899072,-0.89,-0.57,9.83
2025-03-30T13:25:58.031248,-0.89,-0.57,9.82
2025-03-30T13:25:58.157227,-0.89,-0.58,9.82
2025-03-30T13:25:58.282721,-0.9,-0.57,9.83
2025-03-30T13:25:58.423864,-0.9,-0.58,9.82
2025-03-30T13:25:58.535580,-0.9,-0.57,9.83
2025-03-30T13:25:58.687833,-0.89,-0.57,9.82
2025-03-30T13:25:58.806489,-0.9,-0.57,9.82
2025-03-30T13:25:58.938747,-0.9,-0.58,9.82
2025-03-30T13:25:59.054009,-0.89,-0.56,9.82
2025-03-30T13:25:59.165965,-0.89,-0.57,9.83
2025-03-30T13:25:59.300923,-0.89,-0.57,9.83
2025-03-30T13:25:59.409580,-0.9,-0.57,9.82
2025-03-30T13:25:59.540674,-0.89,-0.58,9.83
2025-03-30T13:25:59.637997,-0.9,-0.57,9.81
2025-03-30T13:25:59.766532,-0.89,-0.57,9.82
2025-03-30T13:25:59.900682,-0.9,-0.57,9.82
2025-03-30T13:26:00.015250,-0.88,-0.57,9.83
2025-03-30T13:26:00.141292,-0.89,-0.58,9.82
2025-03-30T13:26:00.277168,-0.9,-0.58,9.82
2025-03-30T13:26:00.393408,-0.89,-0.58,9.82
2025-03-30T13:26:00.517869,-0.89,-0.58,9.82
2025-03-30T13:26:00.668797,-0.89,-0.58,9.82
2025-03-30T13:26:00.768681,-0.9,-0.57,9.83
2025-03-30T13:26:00.899867,-0.9,-0.58,9.82
2025-03-30T13:26:01.039306,-0.9,-0.57,9.82
2025-03-30T13:26:01.149997,-0.9,-0.58,9.82
2025-03-30T13:26:01.284457,-0.9,-0.57,9.82
2025-03-30T13:26:01.408210,-0.9,-0.59,9.82
2025-03-30T13:26:01.540293,-0.89,-0.59,9.81
2025-03-30T13:26:01.671422,-0.9,-0.57,9.82
2025-03-30T13:26:01.790596,-0.9,-0.57,9.82
2025-03-30T13:26:01.925897,-0.89,-0.57,9.83
2025-03-30T13:26:02.067836,-0.89,-0.58,9.82
2025-03-30T13:26:02.200420,-0.9,-0.57,9.82
2025-03-30T13:26:02.337073,-0.9,-0.57,9.83
2025-03-30T13:26:02.443229,-0.9,-0.57,9.83
2025-03-30T13:26:02.570797,-0.9,-0.58,9.83
2025-03-30T13:26:02.725747,-0.89,-0.57,9.82
2025-03-30T13:26:02.834035,-0.89,-0.57,9.83
2025-03-30T13:26:02.999092,-0.9,-0.57,9.82
2025-03-30T13:26:03.084520,-0.9,-0.57,9.82
2025-03-30T13:26:03.217364,-0.89,-0.57,9.83
2025-03-30T13:26:03.349894,-0.91,-0.56,9.82
2025-03-30T13:26:03.464339,-0.9,-0.57,9.81
2025-03-30T13:26:03.599863,-0.91,-0.57,9.83
2025-03-30T13:26:03.730891,-0.91,-0.58,9.82
2025-03-30T13:26:03.870855,-0.9,-0.58,9.83
2025-03-30T13:26:03.981525,-0.91,-0.58,9.81
2025-03-30T13:26:04.123939,-0.9,-0.58,9.83
2025-03-30T13:26:04.235478,-0.9,-0.58,9.82
2025-03-30T13:26:04.348778,-0.91,-0.58,9.83
2025-03-30T13:26:04.511401,-0.9,-0.58,9.84
2025-03-30T13:26:04.603193,-0.91,-0.57,9.81
2025-03-30T13:26:04.734143,-0.9,-0.58,9.82
2025-03-30T13:26:04.875218,-0.91,-0.56,9.81
2025-03-30T13:26:05.007402,-0.9,-0.56,9.82
2025-03-30T13:26:05.159231,-0.9,-0.58,9.83
2025-03-30T13:26:05.250829,-0.91,-0.57,9.81
2025-03-30T13:26:05.375664,-0.9,-0.57,9.82
2025-03-30T13:26:05.505050,-0.9,-0.57,9.83
2025-03-30T13:26:05.641336,-0.91,-0.58,9.82
2025-03-30T13:26:05.785032,-0.91,-0.57,9.82
2025-03-30T13:26:05.894191,-0.9,-0.57,9.82
2025-03-30T13:26:06.029110,-0.91,-0.58,9.82
2025-03-30T13:26:06.167619,-0.9,-0.57,9.82
2025-03-30T13:26:06.306298,-0.9,-0.58,9.83
2025-03-30T13:26:06.415981,-0.9,-0.59,9.83
2025-03-30T13:26:06.537616,-0.9,-0.58,9.81
2025-03-30T13:26:06.672178,-0.9,-0.57,9.83
2025-03-30T13:26:06.817252,-0.91,-0.57,9.83
2025-03-30T13:26:06.928906,-0.9,-0.58,9.82
2025-03-30T13:26:07.066418,-0.91,-0.57,9.82
2025-03-30T13:26:07.183600,-0.91,-0.57,9.83
2025-03-30T13:26:07.316411,-0.9,-0.58,9.83
2025-03-30T13:26:07.446221,-0.9,-0.57,9.83
2025-03-30T13:26:07.581817,-0.9,-0.57,9.84
2025-03-30T13:26:07.708134,-0.9,-0.58,9.81
2025-03-30T13:26:07.839736,-0.9,-0.57,9.8
2025-03-30T13:26:07.973803,-1.26,-0.53,9.79
2025-03-30T13:26:08.084151,-0.66,-0.79,9.91
2025-03-30T13:26:08.221583,-1.46,-0.12,9.7
2025-03-30T13:26:08.332241,-0.83,-0.68,9.75
2025-03-30T13:26:08.472366,0.93,-0.93,13.11
2025-03-30T13:26:08.578614,-3.21,-4.37,10.78
2025-03-30T13:26:08.724285,-0.27,-1.33,12.71
2025-03-30T13:26:08.854623,-2.58,-1.51,11.44
2025-03-30T13:26:08.976064,-0.79,-1.62,10.32
2025-03-30T13:26:09.081073,-0.91,-0.87,7.75
2025-03-30T13:26:09.206518,-1.44,-0.89,4.84
2025-03-30T13:26:09.333821,-1.57,-1.58,6.89
2025-03-30T13:26:09.471190,-0.73,-1.41,10.19
2025-03-30T13:26:09.584247,-1.69,-2.48,9.36
2025-03-30T13:26:09.722188,-1.4,-1.23,10.47
2025-03-30T13:26:09.848927,-2.05,-1.63,8.59
2025-03-30T13:26:09.972468,-1.52,-0.88,9.93
2025-03-30T13:26:10.107435,-1.22,-1.23,9.4
2025-03-30T13:26:10.228200,-2.02,0.04,10.33
2025-03-30T13:26:10.373900,-1.24,-0.42,11.14
2025-03-30T13:26:10.506142,-1.24,0.81,11.07
2025-03-30T13:26:10.619247,-1.08,0.42,12.43
2025-03-30T13:26:10.742659,-0.55,1.48,13.25
2025-03-30T13:26:10.880924,-1.09,1.18,9.69
2025-03-30T13:26:11.017123,-0.29,1.88,7.08
2025-03-30T13:26:11.159258,0.49,1.27,4.01
2025-03-30T13:26:11.270265,0.66,2.49,3.22
2025-03-30T13:26:11.398803,-0.4,2.0,5.22
2025-03-30T13:26:11.535207,-1.79,-0.45,9.24
2025-03-30T13:26:11.659153,-0.43,0.23,12.33
2025-03-30T13:26:11.785114,-2.77,-0.79,11.96
2025-03-30T13:26:11.917203,-1.52,-2.48,11.68
2025-03-30T13:26:12.043614,-2.41,-1.29,10.59
2025-03-30T13:26:12.189698,-2.4,-1.63,10.26
2025-03-30T13:26:12.304489,-2.28,-0.83,10.48
2025-03-30T13:26:12.454165,-1.94,-0.46,10.57
2025-03-30T13:26:12.573747,-2.72,0.23,11.74
2025-03-30T13:26:12.696990,-1.27,0.15,13.39
2025-03-30T13:26:12.825163,-2.17,2.12,13.34
2025-03-30T13:26:12.978421,-0.24,2.4,10.78
2025-03-30T13:26:13.074859,-2.42,1.11,5.74
2025-03-30T13:26:13.205154,0.47,1.61,2.2
2025-03-30T13:26:13.321943,1.01,3.29,2.88
2025-03-30T13:26:13.452357,-0.5,1.77,5.77
2025-03-30T13:26:13.588351,-2.02,-0.01,9.65
2025-03-30T13:26:13.703761,-1.91,0.15,12.46
2025-03-30T13:26:13.838225,-1.87,-1.15,12.83
2025-03-30T13:26:13.957702,-2.3,-0.98,11.11
2025-03-30T13:26:14.100791,-2.15,-1.65,10.69
2025-03-30T13:26:14.217651,-2.32,-1.06,10.71
2025-03-30T13:26:14.350875,-2.36,-1.11,9.65
2025-03-30T13:26:14.505153,-2.16,-0.13,10.88
2025-03-30T13:26:14.602027,-2.13,-0.44,11.91
2025-03-30T13:26:14.738161,-1.63,0.32,12.9
2025-03-30T13:26:14.871034,-1.48,2.28,12.76
2025-03-30T13:26:14.997410,-0.33,2.26,10.1
2025-03-30T13:26:15.115234,-1.13,1.4,5.57
2025-03-30T13:26:15.249717,1.83,2.46,3.08
2025-03-30T13:26:15.379602,0.4,2.88,3.01
2025-03-30T13:26:15.513083,-1.17,1.27,6.69
2025-03-30T13:26:15.656983,-1.18,0.54,9.9
2025-03-30T13:26:15.780206,-1.29,0.81,12.2
2025-03-30T13:26:15.914855,-2.3,-0.68,11.92
2025-03-30T13:26:16.031498,-2.61,-1.24,11.45
2025-03-30T13:26:16.163622,-1.89,-0.88,11.43
2025-03-30T13:26:16.292608,-2.18,-1.01,10.17
2025-03-30T13:26:16.430002,-2.25,-0.91,10.61
2025-03-30T13:26:16.569447,-2.36,0.05,11.85
2025-03-30T13:26:16.685168,-1.48,0.51,12.91
2025-03-30T13:26:16.815957,-2.12,0.99,12.89
2025-03-30T13:26:16.959010,-1.1,1.71,10.76
2025-03-30T13:26:17.073895,-1.29,0.81,6.92
2025-03-30T13:26:17.211633,1.01,1.68,3.79
2025-03-30T13:26:17.364901,1.01,2.8,2.7
2025-03-30T13:26:17.790565,-1.05,1.46,6.19
2025-03-30T13:26:17.793732,-1.29,-0.09,10.02
2025-03-30T13:26:17.799014,-0.7,0.61,12.24
2025-03-30T13:26:17.862119,-2.67,-0.16,11.75
2025-03-30T13:26:17.991534,-2.79,0.12,11.57
2025-03-30T13:26:18.120411,-1.62,-0.77,10.96
2025-03-30T13:26:18.255376,-1.94,-0.48,10.45
2025-03-30T13:26:18.383045,-2.22,-0.8,10.12
2025-03-30T13:26:18.510401,-2.1,0.13,10.84
2025-03-30T13:26:18.645306,-2.11,0.13,11.92
2025-03-30T13:26:18.774646,-1.26,0.51,13.76
2025-03-30T13:26:18.900702,-1.47,1.37,12.28
2025-03-30T13:26:19.028160,-0.13,2.4,9.79
2025-03-30T13:26:19.156056,-0.95,1.44,5.87
2025-03-30T13:26:19.292163,1.98,3.05,2.97
2025-03-30T13:26:19.417961,0.89,2.93,2.92
2025-03-30T13:26:19.546947,-0.92,1.63,6.13
2025-03-30T13:26:19.681667,-1.31,0.79,10.61
2025-03-30T13:26:19.816151,-1.27,1.83,12.56
2025-03-30T13:26:19.937152,-2.41,-0.7,12.61
2025-03-30T13:26:20.064499,-2.4,-0.08,10.8
2025-03-30T13:26:20.199285,-1.12,-0.89,11.05
2025-03-30T13:26:20.327208,-2.2,-0.4,10.46
2025-03-30T13:26:20.461790,-1.75,0.03,10.34
2025-03-30T13:26:20.589105,-1.78,0.18,11.44
2025-03-30T13:26:20.730377,-1.32,1.11,12.34
2025-03-30T13:26:20.857700,-0.87,1.24,13.39
2025-03-30T13:26:20.985187,-1.21,2.35,11.02
2025-03-30T13:26:21.120324,0.55,2.27,8.43
2025-03-30T13:26:21.247032,-1.62,1.93,3.22
2025-03-30T13:26:21.375503,1.99,3.73,2.44
2025-03-30T13:26:21.510200,-0.06,2.26,4.79
2025-03-30T13:26:21.637521,-2.34,0.51,8.81
2025-03-30T13:26:21.772624,-0.86,0.69,12.61
2025-03-30T13:26:21.900275,-1.85,-0.21,11.59
2025-03-30T13:26:22.028822,-2.22,-0.16,11.75
2025-03-30T13:26:22.160533,-2.11,-0.61,10.65
2025-03-30T13:26:22.290871,-1.57,-0.82,10.83
2025-03-30T13:26:22.408688,-2.29,-0.57,10.02
2025-03-30T13:26:22.531862,-1.58,-0.82,10.32
2025-03-30T13:26:22.665842,-2.06,-0.09,11.57
2025-03-30T13:26:22.792924,-1.56,0.47,12.03
2025-03-30T13:26:22.912865,-1.33,1.14,12.6
2025-03-30T13:26:23.032985,-0.85,2.21,11.35
2025-03-30T13:26:23.160357,-0.22,2.54,9.12
2025-03-30T13:26:23.280484,-0.32,2.33,5.92
2025-03-30T13:26:23.400234,1.41,2.81,3.17
2025-03-30T13:26:23.520292,0.73,2.55,2.97
2025-03-30T13:26:23.640637,-0.57,2.06,6.3
2025-03-30T13:26:23.775299,-2.18,-0.2,10.36
2025-03-30T13:26:23.895424,-1.14,0.77,12.09
2025-03-30T13:26:24.015441,-2.61,0.95,11.48
2025-03-30T13:26:24.142838,-1.92,-0.52,12.37
2025-03-30T13:26:24.270208,-2.23,-0.71,11.18
2025-03-30T13:26:24.390672,-1.35,-0.98,10.62
2025-03-30T13:26:24.525388,-2.59,-0.4,10.01
2025-03-30T13:26:24.646013,-1.74,-0.35,10.81
2025-03-30T13:26:24.783246,-1.6,0.27,11.55
2025-03-30T13:26:24.908853,-0.9,0.8,12.56
2025-03-30T13:26:25.035185,-1.33,1.88,12.41
2025-03-30T13:26:25.170196,-0.36,2.84,10.65
2025-03-30T13:26:25.297586,-1.31,1.67,7.55
2025-03-30T13:26:25.425052,0.99,3.23,4.48
2025-03-30T13:26:25.552906,1.18,2.73,2.63
2025-03-30T13:26:25.680179,-0.45,2.61,4.65
2025-03-30T13:26:25.817036,-1.93,0.8,8.81
2025-03-30T13:26:25.943138,-0.85,1.06,11.65
2025-03-30T13:26:26.069989,-2.42,0.37,12.46
2025-03-30T13:26:26.205628,-2.15,-0.57,11.7
2025-03-30T13:26:26.333073,-1.88,0.21,10.66
2025-03-30T13:26:26.467838,-1.4,-0.81,10.51
2025-03-30T13:26:26.587810,-1.95,-0.27,10.16
2025-03-30T13:26:26.723332,-1.99,-0.43,10.33
2025-03-30T13:26:26.857593,-1.91,0.14,10.83
2025-03-30T13:26:26.985465,-1.11,0.53,12.05
2025-03-30T13:26:27.112658,-1.4,1.69,12.26
2025-03-30T13:26:27.240683,-0.53,2.4,11.21
2025-03-30T13:26:27.359665,-0.39,2.12,9.42
2025-03-30T13:26:27.488126,-1.28,2.52,5.92
2025-03-30T13:26:27.615552,2.19,3.52,4.16
2025-03-30T13:26:27.733735,0.97,2.67,3.04
2025-03-30T13:26:27.859721,-0.54,2.33,6.36
2025-03-30T13:26:27.990085,-1.53,1.75,9.44
2025-03-30T13:26:28.117608,-1.02,0.81,12.71
2025-03-30T13:26:28.237285,-2.4,0.18,11.93
2025-03-30T13:26:28.365123,-1.92,0.18,10.86
2025-03-30T13:26:28.492905,-2.25,0.04,10.74
2025-03-30T13:26:28.619541,-1.65,-0.43,10.37
2025-03-30T13:26:28.740541,-1.8,-0.44,10.21
2025-03-30T13:26:28.868291,-1.86,-0.57,10.02
2025-03-30T13:26:28.988093,-1.79,-0.16,10.42
2025-03-30T13:26:29.115390,-1.9,0.39,11.71
2025-03-30T13:26:29.249776,-1.05,0.55,11.98
2025-03-30T13:26:29.377304,-1.74,1.3,12.13
2025-03-30T13:26:29.505206,-0.84,2.83,11.02
2025-03-30T13:26:29.625355,-1.04,2.35,8.98
2025-03-30T13:26:29.753235,-0.02,3.43,6.3
2025-03-30T13:26:29.880286,1.73,2.75,4.14
2025-03-30T13:26:30.015729,0.31,2.71,3.31
2025-03-30T13:26:30.148319,-0.84,2.29,6.74
2025-03-30T13:26:30.271955,-0.88,1.4,10.2
2025-03-30T13:26:30.397404,-1.52,1.04,11.92
2025-03-30T13:26:30.525109,-2.13,0.73,11.41
2025-03-30T13:26:30.653113,-1.37,0.08,11.24
2025-03-30T13:26:30.788131,-2.36,0.29,11.31
2025-03-30T13:26:30.915488,-1.94,0.57,10.48
2025-03-30T13:26:31.043025,-1.15,-0.27,9.62
2025-03-30T13:26:31.177414,-1.6,-0.2,9.65
2025-03-30T13:26:31.305206,-1.69,0.32,9.81
2025-03-30T13:26:31.432817,-1.05,-0.32,8.43
2025-03-30T13:26:31.560362,-0.9,-0.03,6.68
2025-03-30T13:26:31.688485,-1.71,0.3,8.24
2025-03-30T13:26:31.816304,-1.25,0.31,9.81
2025-03-30T13:26:31.950134,-2.14,0.38,10.76
2025-03-30T13:26:32.077601,-1.26,0.49,11.19
2025-03-30T13:26:32.204410,-1.47,0.54,11.07
2025-03-30T13:26:32.340093,-1.9,0.48,10.94
2025-03-30T13:26:32.460242,-1.55,0.57,10.26
2025-03-30T13:26:32.588590,-1.31,0.35,9.75
2025-03-30T13:26:32.708910,-1.35,0.57,10.0
2025-03-30T13:26:32.828541,-1.51,0.42,9.69
2025-03-30T13:26:32.955065,-0.97,-0.48,9.6
2025-03-30T13:26:33.084403,0.43,0.4,9.98
2025-03-30T13:26:33.209617,0.45,-0.3,10.66
2025-03-30T13:26:33.340303,-0.05,-0.66,10.95
2025-03-30T13:26:33.465090,-0.85,0.12,10.33
2025-03-30T13:26:33.602848,-1.27,-0.44,9.49
2025-03-30T13:26:33.722629,-0.89,-0.54,9.88
2025-03-30T13:26:33.857843,-0.9,-0.56,9.83
2025-03-30T13:26:33.985421,-0.91,-0.54,9.82
2025-03-30T13:26:34.119895,-0.9,-0.54,9.83
2025-03-30T13:26:34.255281,-0.9,-0.55,9.83
2025-03-30T13:26:34.375227,-0.9,-0.54,9.82
2025-03-30T13:26:34.523939,-0.9,-0.54,9.83
2025-03-30T13:26:34.696663,-0.9,-0.53,9.82
2025-03-30T13:26:34.758404,-0.91,-0.54,9.82
2025-03-30T13:26:34.907831,-0.9,-0.53,9.84
2025-03-30T13:26:35.023844,-0.9,-0.53,9.84
2025-03-30T13:26:35.156741,-0.9,-0.54,9.83
2025-03-30T13:26:35.274550,-0.9,-0.54,9.82
2025-03-30T13:26:35.416835,-0.9,-0.55,9.84
2025-03-30T13:26:35.539016,-0.91,-0.54,9.83
2025-03-30T13:26:35.673559,-0.89,-0.54,9.82
2025-03-30T13:26:35.801149,-0.91,-0.55,9.82
2025-03-30T13:26:35.931187,-0.9,-0.54,9.82
2025-03-30T13:26:36.058705,-0.91,-0.54,9.82
2025-03-30T13:26:36.192386,-0.91,-0.54,9.84
2025-03-30T13:26:36.333802,-0.9,-0.54,9.83
2025-03-30T13:26:36.446232,-0.91,-0.54,9.83
2025-03-30T13:26:36.582930,-0.91,-0.54,9.84
2025-03-30T13:26:36.731056,-0.91,-0.55,9.83
2025-03-30T13:26:36.833586,-0.9,-0.54,9.84
2025-03-30T13:26:36.966695,-0.91,-0.54,9.83
2025-03-30T13:26:37.085710,-0.91,-0.54,9.82
2025-03-30T13:26:37.216423,-0.91,-0.54,9.83
2025-03-30T13:26:37.340838,-0.91,-0.54,9.83
2025-03-30T13:26:37.475496,-0.89,-0.54,9.82
2025-03-30T13:26:37.630403,-0.91,-0.56,9.82
2025-03-30T13:26:37.757935,-0.91,-0.54,9.81
2025-03-30T13:26:37.876070,-0.9,-0.55,9.82
2025-03-30T13:26:38.000752,-0.9,-0.54,9.83
2025-03-30T13:26:38.142666,-0.9,-0.55,9.82
2025-03-30T13:26:38.266287,-0.92,-0.54,9.84
2025-03-30T13:26:38.392399,-0.92,-0.54,9.82
2025-03-30T13:26:38.525994,-0.91,-0.56,9.84
2025-03-30T13:26:38.646825,-0.91,-0.54,9.82
2025-03-30T13:26:38.781609,-0.92,-0.53,9.81
2025-03-30T13:26:38.932299,-0.91,-0.55,9.82
2025-03-30T13:26:39.065905,-0.89,-0.49,9.82
2025-03-30T13:26:39.171185,-0.91,-0.54,9.83
2025-03-30T13:26:39.313956,-0.91,-0.54,9.83
2025-03-30T13:26:39.450037,-0.91,-0.54,9.83
2025-03-30T13:26:39.585337,-0.91,-0.54,9.83
2025-03-30T13:26:39.700380,-0.91,-0.56,9.83
2025-03-30T13:26:39.847669,-0.91,-0.56,9.83
2025-03-30T13:26:39.959181,-0.91,-0.54,9.81
2025-03-30T13:26:40.108279,-0.91,-0.53,9.82
2025-03-30T13:26:40.223054,-0.91,-0.56,9.83
2025-03-30T13:26:40.355681,-0.92,-0.55,9.83
2025-03-30T13:26:40.482625,-0.92,-0.54,9.83
2025-03-30T13:26:40.625945,-0.91,-0.54,9.83
2025-03-30T13:26:40.743865,-0.93,-0.56,9.84
2025-03-30T13:26:40.873600,-0.9,-0.55,9.84
2025-03-30T13:26:41.008812,-0.91,-0.54,9.83
2025-03-30T13:26:41.147049,-0.91,-0.54,9.83
2025-03-30T13:26:41.282204,-0.91,-0.54,9.83
2025-03-30T13:26:41.401241,-0.91,-0.55,9.83
2025-03-30T13:26:42.337257,-0.92,-0.55,9.83
2025-03-30T13:26:42.338531,-0.91,-0.55,9.83
2025-03-30T13:26:42.339437,-0.92,-0.54,9.84
2025-03-30T13:26:42.705223,-0.91,-0.54,9.82
2025-03-30T13:26:42.706567,-0.92,-0.54,9.83
2025-03-30T13:26:42.707514,-0.92,-0.55,9.84
2025-03-30T13:26:42.708394,-0.92,-0.55,9.84
2025-03-30T13:26:42.710411,-0.92,-0.55,9.84
2025-03-30T13:26:42.711360,-0.92,-0.55,9.83
2025-03-30T13:26:42.712240,-0.92,-0.56,9.83
2025-03-30T13:26:42.799016,-0.92,-0.55,9.82
2025-03-30T13:26:42.937617,-0.92,-0.54,9.83
2025-03-30T13:26:43.042287,-0.91,-0.55,9.84
2025-03-30T13:26:43.165977,-0.91,-0.55,9.83
2025-03-30T13:26:43.309827,-0.92,-0.56,9.85
2025-03-30T13:26:43.420912,-0.9,-0.56,9.84
2025-03-30T13:26:43.563746,-1.03,-0.5,9.67
2025-03-30T13:26:43.683,-0.68,-0.43,10.04
2025-03-30T13:26:43.846536,-0.71,-0.36,9.96
2025-03-30T13:26:43.939851,-0.6,-0.41,10.28
2025-03-30T13:26:44.081111,-0.87,-0.21,10.0
2025-03-30T13:26:44.193899,-1.33,-0.41,9.73
2025-03-30T13:26:44.321027,-1.22,-0.2,9.81
2025-03-30T13:26:44.467755,-1.2,-0.27,9.82
2025-03-30T13:26:44.596810,-1.25,-0.25,9.77
2025-03-30T13:26:44.710218,-1.18,-0.14,9.74
2025-03-30T13:26:44.830363,-0.98,-0.2,9.86
2025-03-30T13:26:44.961355,-0.97,-0.31,9.84
2025-03-30T13:26:45.087917,-0.99,-0.47,9.79
2025-03-30T13:26:45.232222,-0.82,-0.45,9.93
2025-03-30T13:26:45.349764,-0.88,-0.46,9.84
2025-03-30T13:26:45.491137,-0.97,-0.52,9.89
2025-03-30T13:26:45.614502,-1.34,-0.49,9.75
2025-03-30T13:26:45.743214,-1.28,-0.62,9.83
2025-03-30T13:26:45.854771,-1.47,-0.66,9.63
2025-03-30T13:26:45.992996,-1.38,-0.48,9.74
